id,en_correct,zh_correct,en_char_len,zh_char_len,qwen3-8b_en_tokens,qwen3-8b_zh_tokens,qwen3-8b_ratio,deepseek-v3_en_tokens,deepseek-v3_zh_tokens,deepseek-v3_ratio,seed-coder-8b_en_tokens,seed-coder-8b_zh_tokens,seed-coder-8b_ratio,llama-3.1-8b_en_tokens,llama-3.1-8b_zh_tokens,llama-3.1-8b_ratio,gpt-4o_en_tokens,gpt-4o_zh_tokens,gpt-4o_ratio
0,1,1,2331,1323,1074,818,0.7616387337057728,942,728,0.772823779193206,1119,826,0.7381590705987489,985,786,0.7979695431472081,988,781,0.7904858299595142
100,1,1,2089,2070,926,1176,1.2699784017278617,826,1024,1.2397094430992737,926,1173,1.2667386609071274,908,1182,1.301762114537445,906,1180,1.3024282560706402
101,1,1,2206,1437,1032,914,0.8856589147286822,978,855,0.8742331288343558,1087,928,0.8537258509659613,1029,921,0.8950437317784257,1036,919,0.887065637065637
102,1,1,678,309,232,187,0.8060344827586207,202,149,0.7376237623762376,243,189,0.7777777777777778,208,176,0.8461538461538461,208,172,0.8269230769230769
103,1,1,1746,544,578,332,0.5743944636678201,552,295,0.5344202898550725,585,328,0.5606837606837607,567,334,0.5890652557319224,562,322,0.5729537366548043
104,1,1,2453,2860,1013,1625,1.6041461006910167,916,1376,1.502183406113537,1080,1647,1.525,954,1469,1.539832285115304,959,1466,1.5286757038581855
105,1,1,1700,1419,762,849,1.1141732283464567,729,771,1.0576131687242798,791,855,1.0809102402022757,756,841,1.1124338624338623,753,831,1.1035856573705178
106,1,1,896,677,358,405,1.1312849162011174,336,360,1.0714285714285714,360,399,1.1083333333333334,358,413,1.1536312849162011,361,418,1.1578947368421053
107,1,1,1345,1526,484,885,1.828512396694215,446,820,1.8385650224215246,515,922,1.7902912621359224,484,898,1.8553719008264462,496,911,1.8366935483870968
108,1,1,411,193,175,129,0.7371428571428571,166,116,0.6987951807228916,184,127,0.6902173913043478,175,132,0.7542857142857143,175,133,0.76
109,1,1,364,268,180,176,0.9777777777777777,165,156,0.9454545454545454,193,179,0.927461139896373,177,181,1.0225988700564972,178,181,1.0168539325842696
11,1,1,2883,2165,968,1486,1.5351239669421488,937,1370,1.4621131270010672,1006,1489,1.4801192842942346,950,1449,1.5252631578947369,950,1471,1.548421052631579
110,1,1,7412,3154,2882,2008,0.6967383761276891,2707,1859,0.6867380864425563,3045,2076,0.6817733990147783,2827,2010,0.7110010611956137,2830,2015,0.7120141342756183
111,1,1,935,509,349,326,0.9340974212034384,332,289,0.8704819277108434,371,326,0.8787061994609164,344,336,0.9767441860465116,342,322,0.9415204678362573
112,1,1,6360,675,3138,445,0.14181007010834926,2660,378,0.14210526315789473,3198,482,0.15071919949968732,2841,423,0.14889123548046462,2893,426,0.14725198755617006
113,1,1,1421,1285,787,779,0.9898348157560356,735,722,0.9823129251700681,833,824,0.9891956782713085,760,752,0.9894736842105263,790,773,0.9784810126582278
114,1,1,312,114,107,81,0.7570093457943925,102,70,0.6862745098039216,117,76,0.6495726495726496,103,79,0.7669902912621359,107,77,0.719626168224299
115,1,1,1156,686,550,408,0.7418181818181818,525,375,0.7142857142857143,571,426,0.7460595446584939,550,412,0.7490909090909091,543,407,0.7495395948434622
116,1,1,5421,4488,2329,2728,1.1713181623014168,2197,2403,1.0937642239417387,2356,2742,1.16383701188455,2319,2689,1.1595515308322553,2331,2648,1.135993135993136
117,1,1,1373,529,729,367,0.5034293552812071,580,295,0.5086206896551724,789,371,0.47021546261089986,596,315,0.5285234899328859,612,316,0.5163398692810458
118,1,1,999,655,365,369,1.010958904109589,346,342,0.9884393063583815,385,375,0.974025974025974,365,375,1.0273972602739727,361,366,1.0138504155124655
119,1,1,927,654,449,429,0.955456570155902,416,383,0.9206730769230769,483,435,0.9006211180124224,432,418,0.9675925925925926,432,419,0.9699074074074074
12,1,1,2437,1948,1198,1116,0.9315525876460768,977,856,0.8761514841351075,1259,1170,0.9293089753772835,1035,986,0.9526570048309179,1032,985,0.9544573643410853
121,1,1,1615,1019,737,562,0.762550881953867,619,474,0.7657512116316639,705,540,0.7659574468085106,737,565,0.7666214382632293,722,556,0.7700831024930748
122,1,1,4285,2818,1988,1750,0.8802816901408451,1740,1475,0.8477011494252874,2003,1729,0.8632051922116825,1895,1620,0.8548812664907651,1912,1617,0.8457112970711297
123,1,1,4648,3850,2621,2554,0.974437237695536,2269,2171,0.9568091670339357,2734,2670,0.9765910753474762,2417,2275,0.9412494828299545,2434,2286,0.9391947411668036
124,1,1,907,513,391,342,0.8746803069053708,331,279,0.8429003021148036,398,328,0.8241206030150754,338,298,0.8816568047337278,338,296,0.8757396449704142
125,1,1,1193,526,464,417,0.8987068965517241,420,349,0.830952380952381,473,397,0.8393234672304439,422,382,0.9052132701421801,422,382,0.9052132701421801
126,1,1,5639,2779,2223,1680,0.7557354925775979,2103,1525,0.7251545411317166,2354,1684,0.7153780798640612,2223,1694,0.7620332883490778,2247,1706,0.7592345349354696
128,1,1,862,423,296,270,0.9121621621621622,278,242,0.8705035971223022,306,269,0.8790849673202614,288,266,0.9236111111111112,288,262,0.9097222222222222
129,1,1,1438,1331,661,754,1.140695915279879,607,663,1.0922570016474464,689,727,1.0551523947750363,659,756,1.1471927162367224,660,753,1.1409090909090909
130,1,1,495,368,271,242,0.8929889298892989,218,190,0.8715596330275229,287,249,0.867595818815331,229,207,0.9039301310043668,230,205,0.8913043478260869
131,1,1,1405,797,670,506,0.755223880597015,612,456,0.7450980392156863,703,526,0.748221906116643,651,498,0.7649769585253456,649,497,0.765793528505393
132,1,1,866,451,339,305,0.8997050147492626,319,269,0.8432601880877743,340,292,0.8588235294117647,329,277,0.8419452887537994,335,275,0.8208955223880597
133,1,1,531,266,232,167,0.7198275862068966,218,142,0.6513761467889908,247,162,0.6558704453441295,226,162,0.7168141592920354,229,163,0.7117903930131004
134,1,1,670,300,263,192,0.7300380228136882,253,177,0.6996047430830039,275,186,0.6763636363636364,263,197,0.7490494296577946,263,197,0.7490494296577946
135,1,1,3591,1783,1686,1131,0.6708185053380783,1544,1024,0.6632124352331606,1761,1184,0.6723452583759227,1623,1082,0.6666666666666666,1626,1101,0.6771217712177122
136,1,1,6490,3951,2565,2603,1.0148148148148148,2481,2418,0.9746070133010882,2693,2634,0.9780913479391014,2521,2595,1.0293534311781039,2523,2594,1.0281411018628617
137,1,1,540,245,244,160,0.6557377049180327,229,144,0.62882096069869,247,159,0.6437246963562753,243,161,0.6625514403292181,243,159,0.654320987654321
138,1,1,718,447,288,275,0.9548611111111112,260,231,0.8884615384615384,303,267,0.8811881188118812,265,250,0.9433962264150944,265,250,0.9433962264150944
139,1,1,8338,2376,3706,1455,0.3926065839179709,3458,1320,0.3817235396182765,3707,1435,0.3871054761262476,3659,1462,0.3995627220552063,3715,1461,0.3932705248990579
140,1,1,486,372,227,219,0.9647577092511013,208,191,0.9182692307692307,233,210,0.9012875536480687,217,208,0.9585253456221198,217,207,0.9539170506912442
141,1,1,6215,3607,2137,2719,1.2723444080486663,1992,2504,1.2570281124497993,2156,2745,1.273191094619666,1992,2536,1.2730923694779117,1999,2505,1.2531265632816408
142,1,1,1721,856,855,576,0.6736842105263158,639,478,0.7480438184663537,903,583,0.64562569213732,662,503,0.7598187311178247,677,504,0.7444608567208272
143,1,1,893,637,453,400,0.8830022075055187,422,370,0.8767772511848341,470,402,0.8553191489361702,443,391,0.8826185101580135,442,395,0.8936651583710408
144,1,1,703,552,279,376,1.3476702508960574,256,327,1.27734375,284,368,1.295774647887324,264,357,1.3522727272727273,264,356,1.3484848484848484
145,1,1,985,567,379,355,0.9366754617414248,330,291,0.8818181818181818,393,351,0.8931297709923665,341,320,0.9384164222873901,338,318,0.9408284023668639
146,1,1,1771,1037,797,622,0.7804265997490589,718,561,0.7813370473537604,833,642,0.7707082833133253,763,607,0.7955439056356488,763,607,0.7955439056356488
147,1,1,1235,760,486,421,0.8662551440329218,433,376,0.8683602771362586,486,416,0.8559670781893004,471,418,0.8874734607218684,472,429,0.9088983050847458
148,1,1,6122,6487,2889,4446,1.5389408099688473,2567,3586,1.3969614335800546,2957,4569,1.545147108555969,2683,3791,1.4129705553484906,2692,3773,1.401560178306092
149,1,1,2639,1553,1186,842,0.7099494097807757,1136,799,0.7033450704225352,1216,870,0.7154605263157895,1183,846,0.7151310228233305,1186,851,0.7175379426644182
15,1,1,3161,2584,1325,1719,1.2973584905660378,1182,1459,1.2343485617597292,1379,1744,1.2646845540246556,1224,1618,1.3218954248366013,1225,1624,1.3257142857142856
150,1,1,1426,916,605,542,0.8958677685950414,551,477,0.8656987295825771,625,543,0.8688,577,508,0.8804159445407279,587,512,0.8722316865417377
151,1,1,1745,986,506,632,1.2490118577075098,496,566,1.1411290322580645,511,616,1.2054794520547945,506,680,1.3438735177865613,508,673,1.3248031496062993
152,1,1,2423,1455,740,931,1.258108108108108,697,837,1.2008608321377332,754,931,1.2347480106100797,710,931,1.3112676056338028,710,906,1.276056338028169
153,1,1,4236,2049,1970,1129,0.5730964467005076,1766,974,0.551528878822197,1929,1124,0.5826853291861068,1932,1104,0.5714285714285714,1939,1110,0.5724600309437855
154,1,1,8308,2403,3992,1462,0.3662324649298597,3665,1378,0.3759890859481583,4131,1524,0.36891793754538854,3809,1458,0.3827776319243896,3912,1487,0.3801124744376278
155,1,1,522,278,227,177,0.7797356828193832,209,157,0.7511961722488039,235,174,0.7404255319148936,219,179,0.817351598173516,218,177,0.8119266055045872
156,1,1,1855,1787,889,1103,1.2407199100112485,807,993,1.2304832713754648,930,1130,1.2150537634408602,852,1065,1.25,863,1063,1.231749710312862
157,1,1,2782,3096,1628,2124,1.3046683046683047,1598,2039,1.2759699624530663,1710,2236,1.3076023391812865,1622,2107,1.2990135635018496,1621,2074,1.2794571252313387
158,1,1,1372,1154,628,689,1.0971337579617835,591,619,1.0473773265651438,672,716,1.0654761904761905,611,681,1.1145662847790507,620,684,1.103225806451613
159,1,1,2608,5495,1154,2928,2.537261698440208,1050,2631,2.505714285714286,1213,2986,2.4616652926628193,1093,2854,2.6111619396157364,1099,2843,2.5868971792538673
16,1,1,6743,6924,3029,3937,1.2997689006272697,2680,3336,1.2447761194029852,3181,3914,1.2304306821754165,2859,3726,1.3032528856243442,2936,3738,1.2731607629427792
160,1,1,901,546,395,359,0.9088607594936708,343,287,0.8367346938775511,405,358,0.8839506172839506,351,304,0.8660968660968661,351,302,0.8603988603988604
161,1,1,958,326,377,217,0.5755968169761273,334,181,0.5419161676646707,404,211,0.5222772277227723,344,200,0.5813953488372093,345,200,0.5797101449275363
162,1,1,442,248,208,145,0.6971153846153846,189,134,0.708994708994709,225,154,0.6844444444444444,199,141,0.7085427135678392,207,145,0.7004830917874396
163,1,1,544,238,250,145,0.58,225,123,0.5466666666666666,263,141,0.5361216730038023,233,133,0.5708154506437768,235,134,0.5702127659574469
165,1,1,664,503,302,303,1.0033112582781456,281,279,0.9928825622775801,312,302,0.967948717948718,290,296,1.0206896551724138,289,294,1.0173010380622838
166,1,1,4873,2979,2604,1843,0.7077572964669739,2344,1647,0.7026450511945392,2661,1896,0.7125140924464487,2461,1745,0.7090613571718813,2465,1769,0.7176470588235294
167,1,1,1210,425,520,306,0.5884615384615385,472,264,0.559322033898305,556,318,0.5719424460431655,480,276,0.575,482,275,0.5705394190871369
168,1,1,3124,2695,1415,1686,1.1915194346289752,1314,1497,1.139269406392694,1506,1766,1.1726427622841966,1377,1641,1.1917211328976034,1382,1600,1.1577424023154848
169,1,1,1139,439,430,288,0.6697674418604651,408,255,0.625,459,283,0.616557734204793,427,281,0.65807962529274,425,285,0.6705882352941176
170,1,1,2641,1902,1258,1195,0.9499205087440381,1131,1064,0.9407603890362511,1301,1250,0.9607993850883936,1188,1123,0.9452861952861953,1197,1111,0.9281537176274018
171,1,1,963,369,431,227,0.5266821345707656,402,176,0.43781094527363185,467,229,0.49036402569593146,413,191,0.46246973365617433,411,191,0.46472019464720193
172,1,1,1620,408,841,299,0.3555291319857313,700,235,0.3357142857142857,839,275,0.32777115613825986,739,273,0.36941813261163736,738,273,0.3699186991869919
173,1,1,271,202,122,126,1.0327868852459017,105,106,1.0095238095238095,123,123,1.0,110,114,1.0363636363636364,110,113,1.0272727272727273
174,1,1,2046,1010,938,597,0.6364605543710021,836,520,0.6220095693779905,959,597,0.6225234619395204,935,594,0.6352941176470588,949,605,0.6375131717597471
175,1,1,660,284,276,174,0.6304347826086957,263,160,0.6083650190114068,301,183,0.6079734219269103,276,180,0.6521739130434783,279,186,0.6666666666666666
176,1,1,2006,1200,886,736,0.8306997742663657,806,649,0.8052109181141439,927,769,0.8295577130528586,850,725,0.8529411764705882,851,707,0.8307873090481787
177,1,1,799,309,347,225,0.6484149855907781,310,184,0.5935483870967742,355,211,0.5943661971830986,324,205,0.6327160493827161,323,204,0.631578947368421
178,1,1,2574,1991,1193,1265,1.0603520536462698,1115,1153,1.0340807174887892,1221,1303,1.0671580671580672,1151,1194,1.0373588184187663,1151,1216,1.0564726324934839
179,1,1,4349,4143,2148,2580,1.2011173184357542,1807,2145,1.1870503597122302,2240,2619,1.1691964285714285,1883,2328,1.236325013276686,1890,2330,1.2328042328042328
180,1,1,308,196,144,130,0.9027777777777778,130,119,0.9153846153846154,146,134,0.9178082191780822,139,126,0.9064748201438849,140,130,0.9285714285714286
181,1,1,1710,1602,770,933,1.2116883116883117,682,777,1.1392961876832846,829,955,1.1519903498190591,716,864,1.2067039106145252,708,856,1.2090395480225988
182,1,1,3045,3604,1147,2330,2.031386224934612,1098,2142,1.9508196721311475,1212,2314,1.9092409240924093,1146,2370,2.068062827225131,1149,2322,2.02088772845953
183,1,1,1019,822,466,518,1.111587982832618,446,485,1.0874439461883407,504,537,1.0654761904761905,461,521,1.1301518438177873,461,511,1.1084598698481563
184,1,1,532,288,265,209,0.7886792452830189,223,152,0.6816143497757847,287,211,0.735191637630662,231,163,0.7056277056277056,230,163,0.7086956521739131
185,1,1,3812,1713,1773,1001,0.5645798082346306,1637,914,0.5583384239462431,1836,1008,0.5490196078431373,1732,974,0.5623556581986143,1747,975,0.5580995993131082
186,1,1,490,241,248,164,0.6612903225806451,217,137,0.631336405529954,253,154,0.6086956521739131,231,156,0.6753246753246753,230,155,0.6739130434782609
187,1,1,953,783,416,416,1.0,388,384,0.9896907216494846,443,430,0.9706546275395034,403,394,0.9776674937965261,397,390,0.982367758186398
188,1,1,2023,1284,911,799,0.8770581778265643,849,703,0.8280329799764429,955,805,0.8429319371727748,885,764,0.8632768361581921,886,761,0.8589164785553047
189,1,1,1128,967,565,616,1.0902654867256638,506,536,1.0592885375494072,579,605,1.0449050086355787,537,584,1.0875232774674115,537,580,1.080074487895717
19,1,1,3537,6527,1782,3941,2.2115600448933783,1538,3458,2.2483745123537062,1812,3962,2.186534216335541,1686,3753,2.2259786476868326,1687,3749,2.222288085358625
191,1,1,723,481,209,283,1.354066985645933,203,262,1.29064039408867,218,291,1.334862385321101,205,313,1.526829268292683,204,313,1.5343137254901962
192,1,1,1066,564,427,378,0.8852459016393442,383,302,0.7885117493472585,443,365,0.8239277652370203,399,348,0.8721804511278195,399,347,0.8696741854636592
193,1,1,975,737,462,484,1.0476190476190477,378,381,1.007936507936508,476,497,1.0441176470588236,400,417,1.0425,398,411,1.0326633165829147
194,1,1,6002,2169,2365,1546,0.6536997885835095,2135,1402,0.6566744730679157,2430,1452,0.5975308641975309,2352,1581,0.6721938775510204,2386,1570,0.6580050293378038
195,1,1,502,319,239,227,0.9497907949790795,226,198,0.8761061946902655,258,232,0.8992248062015504,239,206,0.8619246861924686,242,209,0.8636363636363636
196,1,1,876,657,385,446,1.1584415584415584,327,372,1.1376146788990826,407,442,1.085995085995086,344,385,1.119186046511628,343,391,1.1399416909620992
197,1,1,2616,1448,1335,865,0.6479400749063671,1247,815,0.6535685645549318,1364,877,0.6429618768328446,1314,872,0.6636225266362252,1315,866,0.6585551330798479
198,1,1,2549,2009,1219,1325,1.0869565217391304,1038,1095,1.0549132947976878,1271,1322,1.040125885129819,1091,1206,1.1054078826764435,1095,1211,1.1059360730593608
199,1,1,734,294,334,193,0.5778443113772455,326,179,0.549079754601227,354,200,0.5649717514124294,334,189,0.5658682634730539,336,190,0.5654761904761905
200,1,1,869,484,349,221,0.6332378223495702,334,216,0.6467065868263473,370,237,0.6405405405405405,335,208,0.6208955223880597,327,203,0.6207951070336392
201,1,1,1667,1404,762,891,1.169291338582677,693,783,1.12987012987013,783,899,1.1481481481481481,714,843,1.180672268907563,721,853,1.1830790568654646
202,1,1,7669,1522,2845,801,0.28154657293497365,2656,725,0.2729668674698795,2912,809,0.2778159340659341,2819,798,0.28307910606598086,2819,778,0.27598439162823696
203,1,1,2601,2111,987,1402,1.420466058763931,860,1202,1.3976744186046512,1053,1426,1.3542260208926875,903,1299,1.4385382059800664,931,1337,1.4360902255639099
204,1,1,875,444,409,285,0.6968215158924206,372,240,0.6451612903225806,444,296,0.6666666666666666,390,265,0.6794871794871795,390,261,0.6692307692307692
205,1,1,1595,1172,539,756,1.4025974025974026,526,703,1.3365019011406845,542,749,1.381918819188192,539,764,1.417439703153989,537,752,1.4003724394785848
206,1,1,727,227,216,145,0.6712962962962963,211,132,0.6255924170616114,216,142,0.6574074074074074,207,140,0.6763285024154589,200,137,0.685
207,1,1,1662,1490,767,927,1.2086049543676662,721,849,1.1775312066574202,805,953,1.1838509316770187,734,897,1.2220708446866484,726,896,1.234159779614325
208,1,1,1104,686,507,426,0.8402366863905325,473,391,0.8266384778012685,530,446,0.8415094339622642,489,402,0.8220858895705522,488,399,0.8176229508196722
209,1,1,5623,4640,2793,2686,0.9616899391335482,2614,2314,0.8852333588370314,2903,2718,0.9362728212194282,2676,2477,0.9256352765321375,2692,2491,0.9253343239227341
210,1,1,1455,1388,743,876,1.1790040376850606,634,722,1.138801261829653,808,948,1.1732673267326732,656,732,1.1158536585365855,685,751,1.0963503649635036
211,1,1,1526,834,633,516,0.8151658767772512,619,476,0.7689822294022617,678,529,0.7802359882005899,630,519,0.8238095238095238,648,525,0.8101851851851852
212,1,1,6971,5829,3058,3429,1.1213211249182473,2859,3158,1.1045820216859041,3245,3548,1.0933744221879815,3026,3443,1.1378056840713813,3124,3531,1.130281690140845
214,1,1,1572,919,733,567,0.7735334242837654,661,500,0.75642965204236,764,577,0.7552356020942408,695,544,0.7827338129496403,697,536,0.7690100430416069
215,1,1,778,431,319,261,0.8181818181818182,304,235,0.7730263157894737,340,266,0.7823529411764706,319,264,0.8275862068965517,317,255,0.804416403785489
216,1,1,1648,1186,735,773,1.051700680272109,628,635,1.0111464968152866,760,778,1.0236842105263158,642,694,1.0809968847352025,641,688,1.0733229329173166
217,1,1,1241,613,399,410,1.0275689223057645,379,363,0.9577836411609498,409,405,0.9902200488997555,382,418,1.094240837696335,381,422,1.1076115485564304
218,1,1,1709,1342,780,794,1.0179487179487179,704,712,1.0113636363636365,818,817,0.9987775061124694,732,752,1.0273224043715847,747,760,1.0174029451137885
219,1,1,793,688,339,414,1.2212389380530972,305,374,1.2262295081967214,349,434,1.2435530085959885,328,405,1.2347560975609757,328,414,1.2621951219512195
22,1,1,5622,3196,2111,2417,1.1449549976314544,2043,2174,1.0641213901125794,2185,2293,1.0494279176201373,2069,2315,1.1188980183663606,2065,2269,1.0987893462469733
220,1,1,2093,1029,724,633,0.8743093922651933,684,578,0.8450292397660819,762,640,0.8398950131233596,702,639,0.9102564102564102,701,645,0.920114122681883
221,1,1,1397,1146,649,674,1.0385208012326657,600,599,0.9983333333333333,670,668,0.9970149253731343,626,660,1.0543130990415335,622,659,1.0594855305466238
222,1,1,1053,635,333,418,1.2552552552552552,320,366,1.14375,353,403,1.141643059490085,330,447,1.3545454545454545,331,439,1.3262839879154078
223,1,1,1103,579,504,378,0.75,453,340,0.7505518763796909,525,389,0.7409523809523809,480,367,0.7645833333333333,478,363,0.7594142259414226
224,1,1,674,158,279,98,0.35125448028673834,262,88,0.33587786259541985,289,99,0.34256055363321797,274,95,0.3467153284671533,273,95,0.34798534798534797
225,1,1,400,261,185,184,0.9945945945945946,154,146,0.948051948051948,193,184,0.9533678756476683,166,166,1.0,166,165,0.9939759036144579
226,1,1,836,522,367,331,0.9019073569482289,302,276,0.9139072847682119,394,323,0.8197969543147208,315,311,0.9873015873015873,313,311,0.9936102236421726
227,1,1,671,260,312,190,0.6089743589743589,281,161,0.5729537366548043,314,187,0.5955414012738853,292,166,0.5684931506849316,291,167,0.5738831615120275
228,1,1,808,173,418,108,0.2583732057416268,397,93,0.23425692695214106,452,105,0.2323008849557522,406,100,0.24630541871921183,407,99,0.24324324324324326
229,1,1,891,594,305,356,1.1672131147540983,299,335,1.120401337792642,316,361,1.1424050632911393,303,360,1.188118811881188,302,357,1.1821192052980132
23,1,1,3948,2289,1841,1380,0.7495926127104834,1659,1188,0.7160940325497287,1969,1389,0.7054342305738954,1726,1317,0.7630359212050984,1765,1341,0.7597733711048159
230,1,1,899,481,334,316,0.9461077844311377,291,251,0.8625429553264605,335,293,0.8746268656716418,298,280,0.9395973154362416,296,277,0.9358108108108109
231,1,1,1211,1279,601,796,1.324459234608985,479,650,1.3569937369519833,630,824,1.307936507936508,493,672,1.3630831643002028,502,683,1.3605577689243027
232,1,1,1962,1102,965,700,0.7253886010362695,770,550,0.7142857142857143,1025,715,0.697560975609756,803,581,0.7235367372353674,803,582,0.7247820672478207
233,1,1,868,626,351,435,1.2393162393162394,298,340,1.1409395973154361,360,423,1.175,304,364,1.1973684210526316,304,369,1.2138157894736843
234,1,1,322,247,172,165,0.9593023255813954,165,153,0.9272727272727272,174,168,0.9655172413793104,171,162,0.9473684210526315,170,158,0.9294117647058824
235,1,1,3011,1290,1167,756,0.6478149100257069,1048,652,0.6221374045801527,1216,777,0.6389802631578947,1090,705,0.6467889908256881,1089,709,0.6510560146923783
236,1,1,1110,352,564,249,0.44148936170212766,477,204,0.4276729559748428,572,236,0.4125874125874126,497,229,0.4607645875251509,496,225,0.4536290322580645
238,1,1,1689,1219,749,797,1.0640854472630175,686,714,1.0408163265306123,773,779,1.0077619663648125,702,779,1.1096866096866096,702,770,1.0968660968660968
239,1,1,764,481,305,260,0.8524590163934426,270,222,0.8222222222222222,323,256,0.7925696594427245,289,252,0.8719723183391004,292,255,0.8732876712328768
24,1,1,2446,2003,1237,1161,0.9385610347615198,1093,1010,0.9240622140896615,1303,1191,0.9140445126630852,1163,1088,0.9355116079105761,1166,1096,0.9399656946826758
240,1,1,6124,3418,3262,2426,0.7437155119558553,2946,2191,0.7437202987101154,3412,2433,0.713071512309496,3001,2286,0.7617460846384538,3078,2251,0.7313190383365822
241,1,1,2112,1220,798,717,0.8984962406015038,737,609,0.8263229308005428,841,702,0.8347205707491082,763,691,0.9056356487549148,764,680,0.8900523560209425
242,1,1,2725,2272,1261,1221,0.9682791435368755,1067,986,0.9240862230552952,1262,1160,0.919175911251981,1189,1175,0.9882253994953742,1172,1147,0.9786689419795221
243,1,1,1589,1075,648,594,0.9166666666666666,624,526,0.842948717948718,670,574,0.8567164179104477,641,588,0.9173166926677067,642,582,0.9065420560747663
244,1,1,1482,989,751,652,0.8681757656458056,693,582,0.8398268398268398,796,651,0.8178391959798995,712,630,0.8848314606741573,719,625,0.8692628650904033
245,1,1,1305,927,506,587,1.1600790513833992,485,538,1.109278350515464,544,618,1.1360294117647058,503,586,1.1650099403578529,502,600,1.1952191235059761
246,1,1,3441,2931,2121,2037,0.9603960396039604,1686,1618,0.9596678529062871,2239,2178,0.9727556945064761,1699,1640,0.9652736904061212,1698,1648,0.9705535924617197
247,1,1,2014,1141,835,809,0.9688622754491018,689,650,0.9433962264150944,876,837,0.9554794520547946,725,697,0.9613793103448276,720,678,0.9416666666666667
248,1,1,3286,2528,1439,1621,1.126476719944406,1356,1487,1.0966076696165192,1529,1677,1.0967952910398953,1433,1620,1.1304954640614095,1450,1631,1.1248275862068966
249,1,1,1652,830,689,511,0.7416545718432511,625,451,0.7216,714,518,0.7254901960784313,646,481,0.7445820433436533,660,481,0.7287878787878788
250,1,1,1036,777,359,458,1.275766016713092,345,413,1.1971014492753622,402,451,1.1218905472636815,357,465,1.3025210084033614,373,466,1.2493297587131367
252,1,1,3368,2819,1474,1738,1.1791044776119404,1162,1359,1.1695352839931152,1553,1797,1.1571152607855764,1232,1452,1.1785714285714286,1275,1481,1.1615686274509804
253,1,1,5221,3679,2162,1944,0.8991674375578168,2026,1765,0.8711747285291214,2213,1994,0.9010393131495708,2145,1923,0.8965034965034965,2149,1912,0.8897161470451372
254,1,1,1420,920,711,565,0.7946554149085795,668,535,0.8008982035928144,742,587,0.7911051212938005,703,563,0.8008534850640113,711,571,0.8030942334739803
255,1,1,6288,4991,2810,2988,1.0633451957295375,2630,2758,1.0486692015209125,2950,3022,1.024406779661017,2810,2984,1.0619217081850534,2892,2920,1.0096818810511756
256,1,1,4435,2535,1842,1687,0.9158523344191096,1693,1486,0.8777318369757826,1928,1694,0.8786307053941909,1737,1604,0.9234312032239493,1742,1575,0.9041331802525833
257,1,1,1093,813,469,470,1.0021321961620469,406,400,0.9852216748768473,500,465,0.93,432,444,1.0277777777777777,432,446,1.0324074074074074
258,1,1,1961,1046,1044,723,0.6925287356321839,918,628,0.6840958605664488,1073,746,0.6952469711090401,934,669,0.7162740899357601,946,668,0.7061310782241015
259,1,1,1683,1136,752,731,0.9720744680851063,635,606,0.9543307086614173,800,752,0.94,677,649,0.9586410635155096,677,639,0.9438700147710487
26,1,1,3087,2096,1453,1298,0.8933241569167241,1276,1104,0.8652037617554859,1501,1324,0.8820786142571619,1340,1217,0.9082089552238806,1342,1202,0.8956780923994039
260,1,1,1340,1251,688,774,1.125,620,681,1.0983870967741935,730,797,1.0917808219178082,647,736,1.1375579598145287,655,728,1.1114503816793893
261,1,1,1889,1377,733,797,1.08731241473397,703,754,1.0725462304409672,797,810,1.0163111668757843,733,817,1.1145975443383356,758,837,1.104221635883905
262,1,1,550,401,237,226,0.9535864978902954,213,194,0.9107981220657277,260,233,0.8961538461538462,221,210,0.9502262443438914,226,214,0.9469026548672567
263,1,1,776,400,306,237,0.7745098039215687,275,210,0.7636363636363637,312,240,0.7692307692307693,290,223,0.7689655172413793,287,217,0.7560975609756098
264,1,1,479,331,220,194,0.8818181818181818,210,183,0.8714285714285714,239,203,0.8493723849372385,220,191,0.8681818181818182,219,192,0.8767123287671232
265,1,1,4280,4860,1467,2749,1.8738922972051806,1330,2285,1.718045112781955,1458,2649,1.816872427983539,1389,2689,1.9359251259899208,1387,2688,1.9379956741167987
266,1,1,874,751,377,427,1.1326259946949602,339,370,1.0914454277286136,371,400,1.0781671159029649,366,417,1.139344262295082,357,409,1.145658263305322
267,1,1,2810,3170,1375,2059,1.4974545454545454,1336,1881,1.407934131736527,1465,2129,1.4532423208191125,1354,1963,1.4497784342688331,1355,1966,1.4509225092250924
268,1,1,2920,4043,1252,2571,2.053514376996805,1136,2227,1.960387323943662,1276,2515,1.9710031347962382,1203,2477,2.059019118869493,1206,2441,2.0240464344941955
269,1,1,716,346,294,225,0.7653061224489796,269,189,0.7026022304832714,310,222,0.7161290322580646,276,205,0.7427536231884058,276,201,0.7282608695652174
270,1,1,2123,1224,925,790,0.8540540540540541,821,679,0.8270401948842875,931,779,0.8367346938775511,866,753,0.8695150115473441,866,739,0.8533487297921478
271,1,1,4569,1868,1908,1082,0.5670859538784067,1818,1049,0.577007700770077,2047,1168,0.570591108939912,1905,1088,0.5711286089238845,1949,1100,0.564391995895331
272,1,1,1626,1488,796,911,1.1444723618090453,725,841,1.16,839,946,1.1275327771156138,765,887,1.1594771241830066,766,884,1.154046997389034
273,1,1,932,705,469,386,0.8230277185501066,440,365,0.8295454545454546,504,405,0.8035714285714286,464,389,0.8383620689655172,467,380,0.8137044967880086
274,1,1,2296,1334,1105,837,0.7574660633484163,1057,804,0.760643330179754,1144,869,0.7596153846153846,1082,826,0.7634011090573013,1118,847,0.7576028622540251
275,1,1,535,307,270,192,0.7111111111111111,210,149,0.7095238095238096,287,191,0.6655052264808362,219,164,0.7488584474885844,217,162,0.7465437788018433
276,1,1,764,502,317,313,0.9873817034700315,294,271,0.9217687074829932,324,310,0.9567901234567902,301,304,1.0099667774086378,300,295,0.9833333333333333
277,1,1,1069,691,394,423,1.0736040609137056,381,388,1.0183727034120735,426,432,1.0140845070422535,394,430,1.0913705583756346,393,424,1.078880407124682
278,1,1,705,531,326,332,1.01840490797546,287,284,0.9895470383275261,321,316,0.9844236760124611,305,326,1.0688524590163935,305,324,1.062295081967213
279,1,1,1051,663,442,406,0.918552036199095,414,360,0.8695652173913043,480,405,0.84375,431,399,0.925754060324826,431,395,0.9164733178654292
280,1,1,480,491,222,300,1.3513513513513513,206,269,1.3058252427184467,244,307,1.2581967213114753,216,287,1.3287037037037037,215,281,1.3069767441860465
281,1,1,969,788,461,520,1.1279826464208242,405,452,1.1160493827160494,497,548,1.1026156941649898,426,477,1.119718309859155,426,477,1.119718309859155
282,1,1,790,425,383,274,0.7154046997389034,313,219,0.6996805111821086,405,279,0.6888888888888889,335,235,0.7014925373134329,338,235,0.6952662721893491
283,1,1,2278,4231,606,2959,4.882838283828383,577,2793,4.84055459272097,630,2949,4.680952380952381,588,3126,5.316326530612245,588,3089,5.253401360544218
284,1,1,808,456,344,327,0.9505813953488372,312,292,0.9358974358974359,362,307,0.8480662983425414,329,301,0.9148936170212766,328,290,0.8841463414634146
285,1,1,1610,403,560,250,0.44642857142857145,518,222,0.42857142857142855,587,265,0.4514480408858603,539,244,0.45269016697588127,540,241,0.4462962962962963
286,1,1,1286,692,521,439,0.8426103646833013,452,361,0.7986725663716814,551,432,0.7840290381125227,474,395,0.8333333333333334,475,391,0.8231578947368421
287,1,1,3872,2675,1980,1686,0.8515151515151516,1867,1542,0.825923942153187,2071,1759,0.8493481409946886,1958,1606,0.8202247191011236,1991,1603,0.8051230537418382
288,1,1,1670,1227,696,813,1.168103448275862,640,684,1.06875,745,832,1.1167785234899328,672,759,1.1294642857142858,674,729,1.0816023738872405
289,1,1,4286,1458,2265,889,0.39249448123620306,2224,839,0.3772482014388489,2368,958,0.4045608108108108,2240,870,0.38839285714285715,2236,866,0.387298747763864
29,1,1,11213,6786,3282,4251,1.2952468007312614,3192,4031,1.262844611528822,3439,4420,1.2852573422506544,3253,4544,1.3968644328312327,3351,4437,1.3240823634735899
290,1,1,762,393,294,244,0.8299319727891157,280,216,0.7714285714285715,315,252,0.8,294,247,0.8401360544217688,291,243,0.8350515463917526
291,1,1,3948,2941,1763,1823,1.0340328984685196,1576,1615,1.024746192893401,1796,2012,1.1202672605790647,1691,1703,1.0070963926670609,1720,1799,1.0459302325581394
292,1,1,976,842,446,525,1.1771300448430493,365,445,1.2191780821917808,481,528,1.0977130977130978,382,472,1.2356020942408377,386,470,1.217616580310881
293,1,1,824,400,378,230,0.6084656084656085,362,221,0.6104972375690608,386,239,0.6191709844559585,378,231,0.6111111111111112,377,228,0.6047745358090185
294,1,1,1737,905,651,474,0.728110599078341,599,416,0.6944908180300501,669,466,0.6965620328849028,632,457,0.7231012658227848,635,453,0.7133858267716535
295,1,1,2175,636,753,431,0.5723771580345286,731,372,0.5088919288645691,752,396,0.526595744680851,744,428,0.5752688172043011,740,425,0.5743243243243243
296,1,1,495,512,228,279,1.2236842105263157,195,228,1.1692307692307693,219,266,1.2146118721461188,222,275,1.2387387387387387,218,269,1.2339449541284404
297,1,1,6551,4455,2800,2811,1.0039285714285715,2656,2638,0.9932228915662651,2886,2845,0.9857934857934858,2765,2864,1.0358047016274865,2761,2822,1.0220934444042014
298,1,1,283,157,122,88,0.7213114754098361,112,78,0.6964285714285714,122,88,0.7213114754098361,117,88,0.7521367521367521,116,88,0.7586206896551724
299,1,1,1179,832,594,531,0.8939393939393939,523,454,0.8680688336520076,626,551,0.8801916932907349,542,482,0.8892988929889298,546,483,0.8846153846153846
30,1,1,2175,1792,1043,1097,1.0517737296260785,923,953,1.0325027085590466,1100,1104,1.0036363636363637,972,1045,1.0751028806584362,973,1016,1.0441932168550874
300,1,1,2428,2274,1053,1494,1.4188034188034189,954,1331,1.3951781970649895,1104,1521,1.377717391304348,1004,1454,1.448207171314741,1014,1427,1.4072978303747534
301,1,1,1127,790,472,561,1.1885593220338984,436,486,1.114678899082569,494,552,1.1174089068825912,448,526,1.1741071428571428,455,522,1.1472527472527472
302,1,1,1676,1135,743,738,0.9932705248990579,596,583,0.9781879194630873,755,731,0.9682119205298013,617,667,1.0810372771474879,619,651,1.0516962843295639
303,1,1,895,667,374,410,1.0962566844919786,308,338,1.0974025974025974,381,411,1.078740157480315,324,395,1.2191358024691359,324,394,1.2160493827160495
304,1,1,1004,710,444,459,1.0337837837837838,414,413,0.9975845410628019,467,458,0.9807280513918629,441,456,1.034013605442177,450,460,1.0222222222222221
305,1,1,501,275,256,174,0.6796875,236,156,0.6610169491525424,265,185,0.6981132075471698,247,169,0.6842105263157895,247,166,0.6720647773279352
306,1,1,2628,1111,1136,646,0.5686619718309859,1042,593,0.5690978886756238,1186,656,0.5531197301854974,1122,650,0.5793226381461676,1140,649,0.5692982456140351
307,1,1,2920,1738,1271,1104,0.8686073957513769,1208,1017,0.8418874172185431,1302,1108,0.8509984639016898,1264,1084,0.8575949367088608,1259,1072,0.8514694201747418
308,1,1,606,382,291,220,0.7560137457044673,262,192,0.732824427480916,304,228,0.75,278,214,0.7697841726618705,279,214,0.7670250896057348
309,1,1,5571,1413,2099,934,0.4449737970462125,1998,809,0.4049049049049049,2144,925,0.4314365671641791,2090,942,0.4507177033492823,2088,955,0.45737547892720304
310,1,1,406,337,229,227,0.9912663755458515,210,202,0.9619047619047619,235,222,0.9446808510638298,219,224,1.0228310502283104,220,224,1.018181818181818
311,1,1,1798,993,703,684,0.972972972972973,649,586,0.9029275808936826,731,680,0.9302325581395349,669,636,0.9506726457399103,676,635,0.9393491124260355
312,1,1,848,321,331,215,0.649546827794562,321,194,0.6043613707165109,346,206,0.5953757225433526,326,222,0.6809815950920245,325,223,0.6861538461538461
313,1,1,939,568,278,340,1.223021582733813,270,316,1.1703703703703703,292,356,1.2191780821917808,273,358,1.3113553113553114,272,346,1.2720588235294117
314,1,1,466,243,204,169,0.8284313725490197,163,130,0.7975460122699386,210,163,0.7761904761904762,173,138,0.7976878612716763,172,135,0.7848837209302325
315,1,1,677,496,280,285,1.0178571428571428,270,270,1.0,301,291,0.9667774086378738,279,282,1.010752688172043,280,280,1.0
316,1,1,1603,964,651,667,1.0245775729646698,591,556,0.9407783417935702,686,652,0.9504373177842566,618,632,1.022653721682848,618,626,1.0129449838187703
317,1,1,566,139,191,102,0.5340314136125655,181,90,0.4972375690607735,196,92,0.46938775510204084,185,104,0.5621621621621622,186,102,0.5483870967741935
318,1,1,3216,2494,1617,1633,1.0098948670377241,1499,1529,1.020013342228152,1722,1731,1.005226480836237,1534,1625,1.0593220338983051,1536,1658,1.0794270833333333
319,1,1,907,518,401,317,0.7905236907730673,368,286,0.7771739130434783,436,327,0.75,388,307,0.7912371134020618,388,306,0.788659793814433
32,1,1,2856,2249,1298,1335,1.0285053929121726,1205,1209,1.0033195020746888,1362,1373,1.0080763582966226,1248,1332,1.0673076923076923,1287,1323,1.027972027972028
320,1,1,2195,1256,1075,800,0.7441860465116279,928,685,0.7381465517241379,1095,808,0.7378995433789954,974,706,0.7248459958932238,1012,729,0.7203557312252964
321,1,1,726,333,312,205,0.657051282051282,300,188,0.6266666666666667,331,211,0.6374622356495468,312,210,0.6730769230769231,311,212,0.6816720257234726
323,1,1,2243,1446,1076,909,0.8447955390334573,907,760,0.8379272326350606,1124,921,0.8193950177935944,941,809,0.8597236981934112,965,816,0.8455958549222798
324,1,1,936,569,405,318,0.7851851851851852,352,276,0.7840909090909091,423,331,0.7825059101654847,384,297,0.7734375,383,293,0.7650130548302873
325,1,1,708,227,255,159,0.6235294117647059,235,127,0.5404255319148936,274,149,0.5437956204379562,240,147,0.6125,238,146,0.6134453781512605
326,1,1,2114,1981,988,1157,1.1710526315789473,925,1070,1.1567567567567567,1006,1151,1.1441351888667992,973,1159,1.1911613566289825,974,1157,1.1878850102669405
327,1,1,1283,986,588,562,0.95578231292517,537,511,0.9515828677839852,636,584,0.9182389937106918,564,533,0.9450354609929078,569,534,0.9384885764499121
328,1,1,8009,4438,4358,2854,0.6548875631023405,3870,2499,0.6457364341085271,4503,2899,0.643793026870975,4127,2663,0.6452629028349891,4153,2644,0.6366482061160607
329,1,1,1413,832,548,489,0.8923357664233577,502,418,0.8326693227091634,560,474,0.8464285714285714,543,490,0.9023941068139963,546,485,0.8882783882783882
33,1,1,3350,3122,1532,2006,1.3093994778067886,1326,1745,1.3159879336349924,1632,2104,1.2892156862745099,1422,1830,1.2869198312236287,1453,1865,1.2835512732278045
330,1,1,2372,1664,1050,989,0.9419047619047619,949,894,0.9420442571127503,1101,1018,0.924613987284287,1004,979,0.9750996015936255,1025,987,0.9629268292682926
331,1,1,1102,931,469,478,1.019189765458422,442,459,1.0384615384615385,495,508,1.0262626262626262,465,466,1.0021505376344086,464,481,1.0366379310344827
332,1,1,1061,778,395,524,1.3265822784810126,342,415,1.213450292397661,423,506,1.1962174940898345,354,460,1.2994350282485876,359,460,1.2813370473537604
333,1,1,693,418,378,284,0.7513227513227513,362,263,0.7265193370165746,404,290,0.7178217821782178,369,284,0.7696476964769647,377,281,0.7453580901856764
334,1,1,518,286,206,200,0.970873786407767,168,156,0.9285714285714286,211,192,0.909952606635071,181,178,0.9834254143646409,176,177,1.0056818181818181
335,1,1,534,403,268,257,0.9589552238805971,241,223,0.9253112033195021,284,255,0.897887323943662,248,235,0.9475806451612904,247,235,0.951417004048583
336,1,1,588,402,227,255,1.1233480176211454,210,212,1.0095238095238095,251,248,0.9880478087649402,213,247,1.15962441314554,212,244,1.150943396226415
337,1,1,6087,4457,2359,2689,1.1398897838066977,2256,2482,1.100177304964539,2481,2767,1.1152760983474406,2352,2689,1.1432823129251701,2397,2784,1.1614518147684605
338,1,1,1489,1264,684,682,0.9970760233918129,598,567,0.9481605351170569,715,672,0.9398601398601398,624,609,0.9759615384615384,628,616,0.9808917197452229
339,1,1,804,570,352,363,1.03125,314,320,1.019108280254777,364,368,1.010989010989011,325,349,1.073846153846154,324,331,1.021604938271605
34,1,1,7858,3956,3130,2764,0.8830670926517572,2975,2421,0.8137815126050421,3319,2762,0.8321783669780054,3020,2648,0.8768211920529801,3050,2613,0.8567213114754099
340,1,1,1144,1053,572,618,1.0804195804195804,504,524,1.0396825396825398,577,636,1.1022530329289428,514,553,1.075875486381323,535,566,1.0579439252336449
341,1,1,548,374,264,227,0.8598484848484849,248,204,0.8225806451612904,284,230,0.8098591549295775,255,220,0.8627450980392157,254,222,0.8740157480314961
342,1,1,1800,1673,793,1065,1.3430012610340478,650,875,1.3461538461538463,815,1064,1.305521472392638,683,934,1.3674963396778916,701,945,1.3480741797432239
343,1,1,1018,933,425,607,1.428235294117647,384,513,1.3359375,444,625,1.4076576576576576,399,570,1.4285714285714286,398,563,1.414572864321608
344,1,1,956,533,334,329,0.9850299401197605,284,264,0.9295774647887324,350,328,0.9371428571428572,301,295,0.9800664451827242,298,289,0.9697986577181208
345,1,1,508,155,190,100,0.5263157894736842,183,98,0.5355191256830601,190,103,0.5421052631578948,190,108,0.5684210526315789,194,107,0.5515463917525774
346,1,1,274,57,102,38,0.37254901960784315,95,35,0.3684210526315789,107,37,0.34579439252336447,97,35,0.36082474226804123,96,35,0.3645833333333333
347,1,1,2893,1040,978,657,0.6717791411042945,905,572,0.6320441988950276,1018,647,0.6355599214145383,939,639,0.6805111821086262,941,629,0.6684378320935175
348,1,1,1266,897,585,515,0.8803418803418803,530,461,0.869811320754717,604,523,0.8658940397350994,562,491,0.8736654804270463,562,490,0.8718861209964412
349,1,1,1570,1316,587,954,1.625212947189097,496,769,1.5504032258064515,595,882,1.4823529411764707,518,903,1.7432432432432432,517,898,1.736943907156673
35,1,1,3181,1618,1243,988,0.7948511665325825,1104,856,0.7753623188405797,1297,983,0.7579028527370856,1183,956,0.8081149619611158,1176,954,0.8112244897959183
350,1,1,890,439,285,275,0.9649122807017544,270,242,0.8962962962962963,309,270,0.8737864077669902,285,277,0.9719298245614035,286,281,0.9825174825174825
351,1,1,2194,1118,1011,671,0.6636993076162215,918,617,0.6721132897603486,1082,692,0.6395563770794824,981,664,0.6768603465851172,988,659,0.667004048582996
352,1,1,1082,696,438,435,0.9931506849315068,402,374,0.9303482587064676,446,434,0.9730941704035875,425,416,0.9788235294117648,424,406,0.9575471698113207
353,1,1,1061,609,425,372,0.8752941176470588,385,322,0.8363636363636363,437,368,0.8421052631578947,406,349,0.8596059113300493,403,344,0.8535980148883374
354,1,1,946,222,408,133,0.32598039215686275,361,111,0.3074792243767313,413,131,0.3171912832929782,381,122,0.32020997375328086,381,120,0.31496062992125984
355,1,1,3938,1098,1804,694,0.38470066518847007,1680,611,0.3636904761904762,1846,680,0.36836403033586135,1741,662,0.38024124066628373,1769,665,0.3759185980780102
356,1,1,566,201,258,134,0.5193798449612403,212,101,0.47641509433962265,256,131,0.51171875,222,105,0.47297297297297297,222,104,0.46846846846846846
357,1,1,1576,1075,777,716,0.9214929214929215,739,686,0.9282814614343707,828,718,0.8671497584541062,758,714,0.941952506596306,757,713,0.9418758256274768
358,1,1,950,783,430,448,1.041860465116279,395,404,1.0227848101265822,457,427,0.9343544857768052,430,452,1.0511627906976744,442,463,1.0475113122171946
359,1,1,4116,3887,1829,2326,1.2717331875341717,1686,2113,1.253262158956109,1932,2474,1.2805383022774328,1731,2202,1.2720970537261698,1757,2210,1.2578258394991462
360,1,1,1024,629,378,441,1.1666666666666667,325,350,1.0769230769230769,397,428,1.0780856423173804,333,387,1.162162162162162,335,386,1.1522388059701492
361,1,1,2922,1335,1315,826,0.6281368821292775,1167,733,0.6281062553556127,1373,819,0.596504005826657,1242,786,0.6328502415458938,1239,771,0.6222760290556901
362,1,1,1701,626,643,377,0.5863141524105754,600,332,0.5533333333333333,666,381,0.5720720720720721,643,375,0.583203732503888,654,374,0.5718654434250765
363,1,1,2251,1111,913,586,0.6418400876232202,861,549,0.6376306620209059,932,625,0.6706008583690987,909,589,0.647964796479648,908,592,0.6519823788546255
364,1,1,1986,991,776,689,0.8878865979381443,692,562,0.8121387283236994,823,668,0.8116646415552855,722,635,0.8795013850415513,721,631,0.8751733703190014
365,1,1,4825,1920,2461,1103,0.44819179195449005,2235,1008,0.45100671140939597,2541,1106,0.43526170798898073,2335,1075,0.4603854389721627,2335,1079,0.4620985010706638
366,1,1,6296,3328,2458,1977,0.8043124491456468,2302,1791,0.7780191138140747,2535,2035,0.8027613412228797,2403,1945,0.809404910528506,2403,1908,0.7940074906367042
367,1,1,7190,1238,1794,785,0.4375696767001115,1767,706,0.39954725523486134,1826,749,0.41018619934282585,1786,801,0.448488241881299,1786,792,0.44344904815229563
368,1,1,940,206,485,124,0.2556701030927835,451,108,0.2394678492239468,537,133,0.24767225325884543,459,112,0.2440087145969499,483,112,0.2318840579710145
369,1,1,2061,1472,945,915,0.9682539682539683,856,794,0.927570093457944,995,952,0.9567839195979899,871,856,0.9827784156142365,871,850,0.9758897818599311
37,1,1,3494,2979,1475,1833,1.2427118644067796,1369,1620,1.183345507669832,1561,1874,1.2005124919923127,1416,1819,1.2846045197740112,1413,1820,1.2880396319886767
371,1,1,1709,792,485,475,0.979381443298969,484,439,0.9070247933884298,514,468,0.9105058365758755,479,480,1.0020876826722338,476,492,1.0336134453781514
372,1,1,1092,1084,542,626,1.154981549815498,496,576,1.1612903225806452,565,644,1.1398230088495576,536,623,1.162313432835821,541,629,1.1626617375231054
4,1,1,6808,5464,3653,3594,0.9838488913222009,3000,2961,0.987,3774,3630,0.9618441971383148,3050,3160,1.0360655737704918,3122,3188,1.0211402946828956
5,1,1,5584,4905,2629,2989,1.1369341955116015,2224,2579,1.1596223021582734,2712,2997,1.1050884955752212,2361,2843,1.2041507835662855,2361,2857,1.2100804743752647
63,1,1,602,521,268,351,1.3097014925373134,250,319,1.276,289,366,1.2664359861591696,258,335,1.2984496124031009,257,335,1.3035019455252919
64,1,1,1852,251,507,178,0.3510848126232742,495,140,0.2828282828282828,512,148,0.2890625,501,177,0.3532934131736527,501,178,0.35528942115768464
65,1,1,1500,999,531,654,1.231638418079096,499,572,1.1462925851703407,577,646,1.1195840554592722,519,659,1.2697495183044316,518,632,1.22007722007722
67,1,1,4036,1834,1370,1338,0.9766423357664233,1324,1229,0.9282477341389728,1428,1306,0.9145658263305322,1309,1304,0.9961802902979373,1309,1279,0.9770817417876242
68,1,1,2061,1277,990,932,0.9414141414141414,843,752,0.8920521945432978,1029,957,0.9300291545189504,874,807,0.9233409610983981,873,807,0.9243986254295533
69,1,1,564,342,212,200,0.9433962264150944,196,168,0.8571428571428571,225,190,0.8444444444444444,207,194,0.9371980676328503,210,192,0.9142857142857143
7,1,1,6493,4116,3371,2576,0.764164936220706,3044,2286,0.7509855453350854,3510,2701,0.7695156695156695,3131,2378,0.7595017566272756,3176,2428,0.7644836272040302
70,1,1,806,850,330,546,1.6545454545454545,296,456,1.5405405405405406,364,533,1.4642857142857142,306,503,1.6437908496732025,309,495,1.6019417475728155
72,1,1,7196,2496,3155,1581,0.5011093502377179,3007,1451,0.48254073827735283,3283,1587,0.4833993298812062,3124,1583,0.5067221510883483,3138,1576,0.5022307202039515
73,1,1,4582,2976,2405,1859,0.772972972972973,2001,1633,0.8160919540229885,2506,1918,0.7653631284916201,2069,1735,0.8385693571773803,2094,1736,0.8290353390639924
74,1,1,1717,2972,758,1790,2.361477572559367,678,1609,2.3731563421828907,781,1846,2.3636363636363638,699,1766,2.5264663805436336,697,1771,2.5408895265423244
75,1,1,2385,978,1169,678,0.5799828913601369,974,563,0.5780287474332649,1233,677,0.5490673154906731,1037,600,0.5785920925747348,1039,600,0.5774783445620789
76,1,1,6320,1820,1850,1212,0.6551351351351351,1835,1185,0.6457765667574932,1915,1213,0.633420365535248,1837,1259,0.6853565596080566,1834,1224,0.6673936750272628
77,1,1,706,407,265,311,1.1735849056603773,239,232,0.9707112970711297,275,272,0.9890909090909091,243,259,1.0658436213991769,242,253,1.0454545454545454
78,1,1,745,476,258,309,1.197674418604651,237,277,1.1687763713080168,277,306,1.1046931407942238,245,303,1.236734693877551,247,300,1.214574898785425
79,1,1,2047,2062,587,1357,2.31175468483816,554,1254,2.2635379061371843,610,1347,2.2081967213114755,569,1501,2.637961335676626,569,1455,2.5571177504393674
8,1,1,4772,3886,2257,2617,1.1595037660611431,2066,2344,1.1345595353339788,2334,2630,1.126820908311911,2117,2471,1.1672177609825225,2110,2433,1.1530805687203791
80,1,1,1115,1176,543,661,1.2173112338858194,476,587,1.2331932773109244,568,656,1.1549295774647887,516,632,1.2248062015503876,520,650,1.25
81,1,1,954,515,448,297,0.6629464285714286,428,279,0.6518691588785047,465,300,0.6451612903225806,446,295,0.6614349775784754,452,303,0.6703539823008849
82,1,1,981,134,267,85,0.31835205992509363,251,71,0.28286852589641437,273,84,0.3076923076923077,257,83,0.3229571984435798,257,83,0.3229571984435798
83,1,1,482,272,196,175,0.8928571428571429,167,149,0.8922155688622755,205,171,0.8341463414634146,177,159,0.8983050847457628,176,165,0.9375
84,1,1,944,565,475,372,0.783157894736842,389,298,0.7660668380462725,481,370,0.7692307692307693,406,314,0.7733990147783252,405,314,0.7753086419753087
85,1,1,704,362,243,239,0.9835390946502057,225,196,0.8711111111111111,253,221,0.8735177865612648,234,225,0.9615384615384616,234,228,0.9743589743589743
86,1,1,3140,2800,1307,1470,1.1247130833970926,1256,1329,1.0581210191082802,1362,1466,1.0763582966226137,1304,1511,1.1587423312883436,1304,1503,1.1526073619631902
87,1,1,527,352,237,224,0.9451476793248945,227,208,0.9162995594713657,250,228,0.912,237,221,0.9324894514767933,237,221,0.9324894514767933
88,1,1,736,707,262,390,1.4885496183206106,237,336,1.4177215189873418,277,387,1.3971119133574008,259,397,1.5328185328185329,260,396,1.523076923076923
89,1,1,3621,2142,1676,1314,0.7840095465393795,1545,1179,0.7631067961165049,1682,1307,0.77705112960761,1676,1292,0.7708830548926014,1690,1299,0.7686390532544378
9,1,1,2305,1623,889,992,1.1158605174353207,790,856,1.0835443037974684,926,1022,1.1036717062634989,840,937,1.1154761904761905,841,903,1.0737217598097504
90,1,1,1017,597,374,378,1.0106951871657754,359,362,1.0083565459610029,397,393,0.9899244332493703,370,375,1.0135135135135136,375,389,1.0373333333333334
91,1,1,577,294,272,198,0.7279411764705882,244,171,0.7008196721311475,281,209,0.7437722419928826,253,186,0.7351778656126482,253,185,0.7312252964426877
92,1,1,2137,1412,920,895,0.9728260869565217,832,781,0.9387019230769231,951,911,0.9579390115667719,852,866,1.016431924882629,854,843,0.9871194379391101
93,1,1,643,418,337,273,0.8100890207715133,299,239,0.7993311036789298,356,284,0.797752808988764,313,258,0.8242811501597445,311,257,0.8263665594855305
94,1,1,1646,760,659,483,0.7329286798179059,616,426,0.6915584415584416,695,484,0.6964028776978417,637,470,0.7378335949764521,639,468,0.7323943661971831
95,1,1,279,515,159,347,2.1823899371069184,132,297,2.25,159,349,2.1949685534591197,138,322,2.3333333333333335,137,318,2.321167883211679
96,1,1,534,346,256,195,0.76171875,249,187,0.751004016064257,278,206,0.7410071942446043,253,197,0.7786561264822134,256,199,0.77734375
97,1,1,369,255,215,173,0.8046511627906977,178,133,0.7471910112359551,217,172,0.7926267281105991,182,146,0.8021978021978022,182,138,0.7582417582417582
98,1,1,780,624,310,382,1.232258064516129,292,332,1.1369863013698631,332,407,1.2259036144578312,298,369,1.238255033557047,297,367,1.2356902356902357
99,1,1,2899,1884,1331,1239,0.9308790383170549,1219,1095,0.8982772764561116,1373,1298,0.945375091041515,1265,1170,0.924901185770751,1264,1179,0.932753164556962
