id,en_correct,zh_correct,en_char_len,zh_char_len,qwen3-8b_en_tokens,qwen3-8b_zh_tokens,qwen3-8b_ratio
gsm8k_test_000000,1,1,540,204,173,130,0.7514450867052023
gsm8k_test_000001,1,1,407,254,120,160,1.3333333333333333
gsm8k_test_000002,1,1,820,502,304,327,1.075657894736842
gsm8k_test_000003,1,1,454,152,143,99,0.6923076923076923
gsm8k_test_000004,1,1,734,402,217,260,1.1981566820276497
gsm8k_test_000005,1,1,610,247,186,165,0.8870967741935484
gsm8k_test_000007,1,1,790,450,292,264,0.9041095890410958
gsm8k_test_000008,1,1,1344,658,428,474,1.1074766355140186
gsm8k_test_000009,1,1,687,197,244,128,0.5245901639344263
gsm8k_test_000010,1,1,680,282,210,176,0.8380952380952381
gsm8k_test_000011,1,1,495,345,197,235,1.1928934010152283
gsm8k_test_000013,1,1,875,499,323,316,0.978328173374613
gsm8k_test_000014,1,1,661,515,214,308,1.439252336448598
gsm8k_test_000015,1,1,605,522,219,362,1.6529680365296804
gsm8k_test_000016,1,1,315,204,84,137,1.630952380952381
gsm8k_test_000017,1,1,675,318,262,219,0.8358778625954199
gsm8k_test_000018,1,1,406,313,153,206,1.34640522875817
gsm8k_test_000019,1,1,905,416,292,276,0.9452054794520548
gsm8k_test_000020,1,1,1052,502,326,345,1.0582822085889572
gsm8k_test_000021,1,1,543,419,169,218,1.2899408284023668
gsm8k_test_000022,1,1,394,258,112,138,1.2321428571428572
gsm8k_test_000023,1,1,445,130,147,80,0.54421768707483
gsm8k_test_000024,1,1,309,180,125,118,0.944
gsm8k_test_000025,1,1,519,322,204,210,1.0294117647058822
gsm8k_test_000026,1,1,591,290,233,193,0.8283261802575107
gsm8k_test_000027,1,1,315,206,114,128,1.1228070175438596
gsm8k_test_000028,1,1,442,166,135,100,0.7407407407407407
gsm8k_test_000029,1,1,542,276,164,200,1.2195121951219512
gsm8k_test_000030,1,1,550,223,229,140,0.611353711790393
gsm8k_test_000031,1,1,629,338,243,210,0.8641975308641975
gsm8k_test_000032,1,1,550,334,176,191,1.0852272727272727
gsm8k_test_000033,1,1,647,219,241,144,0.5975103734439834
gsm8k_test_000034,1,1,553,335,181,177,0.9779005524861878
gsm8k_test_000035,1,1,341,282,118,164,1.3898305084745763
gsm8k_test_000036,1,1,409,255,174,175,1.0057471264367817
gsm8k_test_000038,1,1,665,373,224,207,0.9241071428571429
gsm8k_test_000041,1,1,608,173,192,117,0.609375
gsm8k_test_000042,1,1,390,148,124,95,0.7661290322580645
gsm8k_test_000043,1,1,845,486,272,317,1.1654411764705883
gsm8k_test_000045,1,1,855,595,272,355,1.3051470588235294
gsm8k_test_000046,1,1,750,243,226,161,0.7123893805309734
gsm8k_test_000048,1,1,456,207,140,131,0.9357142857142857
gsm8k_test_000049,1,1,632,349,207,207,1.0
gsm8k_test_000050,1,1,696,289,231,169,0.7316017316017316
gsm8k_test_000051,1,1,742,239,225,143,0.6355555555555555
gsm8k_test_000052,1,1,871,307,260,200,0.7692307692307693
gsm8k_test_000053,1,1,876,495,291,323,1.1099656357388317
gsm8k_test_000054,1,1,851,244,253,157,0.6205533596837944
gsm8k_test_000055,1,1,278,158,101,103,1.0198019801980198
gsm8k_test_000056,1,1,421,170,124,103,0.8306451612903226
gsm8k_test_000057,1,1,688,264,202,194,0.9603960396039604
gsm8k_test_000059,1,1,470,216,135,131,0.9703703703703703
gsm8k_test_000060,1,1,417,334,147,226,1.5374149659863945
gsm8k_test_000061,1,1,353,267,133,165,1.2406015037593985
gsm8k_test_000063,1,1,798,434,268,257,0.9589552238805971
gsm8k_test_000065,1,1,361,278,130,169,1.3
gsm8k_test_000066,1,1,533,223,178,135,0.7584269662921348
gsm8k_test_000067,1,1,479,313,173,197,1.138728323699422
gsm8k_test_000068,1,1,709,271,232,149,0.6422413793103449
gsm8k_test_000069,1,1,644,360,184,218,1.184782608695652
gsm8k_test_000070,1,1,614,500,188,316,1.6808510638297873
gsm8k_test_000071,1,1,268,185,77,117,1.5194805194805194
gsm8k_test_000072,1,1,608,186,183,127,0.6939890710382514
gsm8k_test_000073,1,1,596,614,214,356,1.6635514018691588
gsm8k_test_000074,1,1,488,305,187,210,1.1229946524064172
gsm8k_test_000075,1,1,611,286,228,197,0.8640350877192983
gsm8k_test_000076,1,1,1232,571,407,369,0.9066339066339066
gsm8k_test_000077,1,1,804,292,262,169,0.6450381679389313
gsm8k_test_000078,1,1,898,599,308,385,1.25
gsm8k_test_000079,1,1,403,230,135,138,1.0222222222222221
gsm8k_test_000080,1,1,493,225,168,133,0.7916666666666666
gsm8k_test_000082,1,1,406,156,146,101,0.6917808219178082
gsm8k_test_000083,1,1,433,184,129,116,0.8992248062015504
gsm8k_test_000084,1,1,508,294,184,193,1.048913043478261
gsm8k_test_000088,1,1,493,210,180,145,0.8055555555555556
gsm8k_test_000091,1,1,671,170,239,113,0.47280334728033474
gsm8k_test_000092,1,1,679,339,246,249,1.0121951219512195
gsm8k_test_000093,1,1,940,496,342,313,0.9152046783625731
gsm8k_test_000095,1,1,417,370,163,234,1.4355828220858895
gsm8k_test_000096,1,1,404,140,132,77,0.5833333333333334
gsm8k_test_000097,1,1,831,411,242,239,0.987603305785124
gsm8k_test_000098,1,1,934,313,281,205,0.7295373665480427
gsm8k_test_000099,1,1,795,205,254,126,0.49606299212598426
gsm8k_test_000100,1,1,1169,415,359,260,0.724233983286908
gsm8k_test_000101,1,1,481,226,167,151,0.9041916167664671
gsm8k_test_000103,1,1,687,290,222,192,0.8648648648648649
gsm8k_test_000104,1,1,512,320,206,212,1.029126213592233
gsm8k_test_000105,1,1,330,192,106,117,1.1037735849056605
gsm8k_test_000106,1,1,926,374,279,268,0.9605734767025089
gsm8k_test_000107,1,1,886,596,282,397,1.4078014184397163
gsm8k_test_000108,1,1,747,283,258,195,0.7558139534883721
gsm8k_test_000109,1,1,384,295,152,195,1.2828947368421053
gsm8k_test_000110,1,1,729,215,232,131,0.5646551724137931
gsm8k_test_000113,1,1,199,132,70,82,1.1714285714285715
gsm8k_test_000114,1,1,1218,594,352,332,0.9431818181818182
gsm8k_test_000116,1,1,451,293,156,187,1.1987179487179487
gsm8k_test_000117,1,1,233,327,82,194,2.3658536585365852
gsm8k_test_000118,1,1,888,336,250,216,0.864
gsm8k_test_000120,1,1,505,156,149,93,0.6241610738255033
gsm8k_test_000121,1,1,574,245,212,156,0.7358490566037735
gsm8k_test_000123,1,1,925,333,310,222,0.7161290322580646
gsm8k_test_000125,1,1,531,258,184,167,0.907608695652174
gsm8k_test_000126,1,1,211,144,78,94,1.205128205128205
gsm8k_test_000127,1,1,558,184,179,109,0.6089385474860335
gsm8k_test_000128,1,1,719,524,263,340,1.2927756653992395
gsm8k_test_000129,1,1,761,374,268,231,0.8619402985074627
gsm8k_test_000130,1,1,306,276,112,156,1.3928571428571428
gsm8k_test_000131,1,1,324,132,99,80,0.8080808080808081
gsm8k_test_000132,1,1,728,179,211,134,0.6350710900473934
gsm8k_test_000133,1,1,760,323,222,204,0.918918918918919
gsm8k_test_000134,1,1,415,161,140,92,0.6571428571428571
gsm8k_test_000135,1,1,708,354,210,198,0.9428571428571428
gsm8k_test_000136,1,1,486,248,145,139,0.9586206896551724
gsm8k_test_000137,1,1,545,410,249,271,1.0883534136546185
gsm8k_test_000138,1,1,625,524,190,338,1.7789473684210526
gsm8k_test_000140,1,1,577,213,210,136,0.6476190476190476
gsm8k_test_000141,1,1,807,335,327,229,0.7003058103975535
gsm8k_test_000142,1,1,355,225,117,122,1.0427350427350428
gsm8k_test_000144,1,1,466,510,148,310,2.0945945945945947
gsm8k_test_000145,1,1,809,384,270,228,0.8444444444444444
gsm8k_test_000147,1,1,1287,486,406,328,0.8078817733990148
gsm8k_test_000148,1,1,476,183,152,112,0.7368421052631579
gsm8k_test_000149,1,1,551,358,171,170,0.9941520467836257
gsm8k_test_000150,1,1,1112,515,352,316,0.8977272727272727
gsm8k_test_000151,1,1,753,780,261,487,1.8659003831417624
gsm8k_test_000152,1,1,441,346,157,210,1.3375796178343948
gsm8k_test_000156,1,1,541,269,162,165,1.0185185185185186
gsm8k_test_000157,1,1,1283,490,435,341,0.7839080459770115
gsm8k_test_000158,1,1,491,324,155,186,1.2
gsm8k_test_000160,1,1,448,229,150,147,0.98
gsm8k_test_000161,1,1,399,452,159,277,1.7421383647798743
gsm8k_test_000163,1,1,678,523,265,321,1.211320754716981
gsm8k_test_000164,1,1,739,370,201,221,1.099502487562189
gsm8k_test_000165,1,1,487,207,169,146,0.863905325443787
gsm8k_test_000166,1,1,484,343,150,200,1.3333333333333333
gsm8k_test_000167,1,1,674,283,271,189,0.6974169741697417
gsm8k_test_000168,1,1,390,184,136,100,0.7352941176470589
gsm8k_test_000169,1,1,956,195,295,146,0.49491525423728816
gsm8k_test_000170,1,1,443,246,165,167,1.0121212121212122
gsm8k_test_000171,1,1,536,377,188,249,1.324468085106383
gsm8k_test_000172,1,1,646,443,221,225,1.0180995475113122
gsm8k_test_000173,1,1,520,183,178,115,0.6460674157303371
gsm8k_test_000175,1,1,901,290,276,187,0.677536231884058
gsm8k_test_000176,1,1,449,212,138,136,0.9855072463768116
gsm8k_test_000177,1,1,1059,395,416,275,0.6610576923076923
gsm8k_test_000178,1,1,572,464,234,274,1.170940170940171
gsm8k_test_000179,1,1,220,160,77,110,1.4285714285714286
gsm8k_test_000180,1,1,616,290,180,184,1.0222222222222221
gsm8k_test_000181,1,1,799,243,275,159,0.5781818181818181
gsm8k_test_000182,1,1,853,502,327,292,0.8929663608562691
gsm8k_test_000183,1,1,1082,445,349,319,0.9140401146131805
gsm8k_test_000185,1,1,343,126,116,75,0.646551724137931
gsm8k_test_000188,1,1,752,327,230,212,0.9217391304347826
gsm8k_test_000189,1,1,581,506,218,318,1.4587155963302751
gsm8k_test_000190,1,1,571,262,172,147,0.8546511627906976
gsm8k_test_000191,1,1,562,273,164,172,1.048780487804878
gsm8k_test_000192,1,1,838,356,287,222,0.7735191637630662
gsm8k_test_000193,1,1,991,470,310,294,0.9483870967741935
gsm8k_test_000194,1,1,305,136,103,85,0.8252427184466019
gsm8k_test_000195,1,1,391,182,153,118,0.7712418300653595
gsm8k_test_000196,1,1,453,330,134,189,1.4104477611940298
gsm8k_test_000197,1,1,320,202,108,129,1.1944444444444444
gsm8k_test_000198,1,1,754,311,246,203,0.8252032520325203
gsm8k_test_000199,1,1,849,277,284,189,0.6654929577464789
gsm8k_test_000200,1,1,395,152,123,99,0.8048780487804879
gsm8k_test_000202,1,1,524,313,156,186,1.1923076923076923
gsm8k_test_000204,1,1,506,263,183,174,0.9508196721311475
gsm8k_test_000205,1,1,1166,559,412,371,0.9004854368932039
gsm8k_test_000206,1,1,585,375,210,246,1.1714285714285715
gsm8k_test_000207,1,1,602,460,221,272,1.2307692307692308
gsm8k_test_000208,1,1,401,342,131,195,1.4885496183206106
gsm8k_test_000209,1,1,691,452,268,299,1.1156716417910448
gsm8k_test_000210,1,1,909,535,321,334,1.0404984423676011
gsm8k_test_000211,1,1,584,266,199,178,0.8944723618090452
gsm8k_test_000212,1,1,531,337,178,196,1.101123595505618
gsm8k_test_000213,1,1,499,288,177,188,1.0621468926553672
gsm8k_test_000214,1,1,1229,383,429,261,0.6083916083916084
gsm8k_test_000215,1,1,483,277,169,176,1.0414201183431953
gsm8k_test_000216,1,1,755,423,270,240,0.8888888888888888
gsm8k_test_000217,1,1,404,157,136,108,0.7941176470588235
gsm8k_test_000218,1,1,811,472,281,268,0.9537366548042705
gsm8k_test_000220,1,1,544,175,163,104,0.6380368098159509
gsm8k_test_000221,1,1,681,292,203,175,0.8620689655172413
gsm8k_test_000222,1,1,329,126,122,86,0.7049180327868853
gsm8k_test_000223,1,1,368,221,134,131,0.9776119402985075
gsm8k_test_000224,1,1,528,157,184,101,0.5489130434782609
gsm8k_test_000225,1,1,624,230,181,137,0.7569060773480663
gsm8k_test_000226,1,1,539,259,191,186,0.9738219895287958
gsm8k_test_000227,1,1,633,298,254,197,0.7755905511811023
gsm8k_test_000228,1,1,465,368,147,224,1.5238095238095237
gsm8k_test_000230,1,1,617,266,260,187,0.7192307692307692
gsm8k_test_000231,1,1,353,273,114,158,1.3859649122807018
gsm8k_test_000232,1,1,494,137,164,95,0.5792682926829268
gsm8k_test_000233,1,1,400,241,157,145,0.9235668789808917
gsm8k_test_000236,1,1,963,651,327,425,1.2996941896024465
gsm8k_test_000237,1,1,241,166,82,109,1.329268292682927
gsm8k_test_000238,1,1,471,233,173,155,0.8959537572254336
gsm8k_test_000239,1,1,729,356,240,219,0.9125
gsm8k_test_000240,1,1,639,504,229,263,1.148471615720524
gsm8k_test_000242,1,1,915,231,295,168,0.5694915254237288
gsm8k_test_000243,1,1,662,339,203,203,1.0
gsm8k_test_000244,1,1,912,445,335,274,0.817910447761194
gsm8k_test_000246,1,1,872,464,343,286,0.8338192419825073
gsm8k_test_000247,1,1,233,234,80,148,1.85
gsm8k_test_000248,1,1,355,173,118,105,0.8898305084745762
gsm8k_test_000249,1,1,971,474,342,323,0.9444444444444444
gsm8k_test_000250,1,1,885,468,308,299,0.9707792207792207
gsm8k_test_000251,1,1,301,123,93,71,0.7634408602150538
gsm8k_test_000253,1,1,311,176,109,110,1.0091743119266054
gsm8k_test_000254,1,1,595,302,195,183,0.9384615384615385
gsm8k_test_000256,1,1,526,380,217,251,1.1566820276497696
gsm8k_test_000257,1,1,668,424,233,273,1.1716738197424892
gsm8k_test_000258,1,1,282,240,109,142,1.3027522935779816
gsm8k_test_000259,1,1,1219,418,449,247,0.5501113585746102
gsm8k_test_000260,1,1,574,308,184,178,0.967391304347826
gsm8k_test_000261,1,1,397,250,138,164,1.1884057971014492
gsm8k_test_000262,1,1,284,165,100,102,1.02
gsm8k_test_000263,1,1,537,386,182,198,1.0879120879120878
gsm8k_test_000264,1,1,394,194,160,107,0.66875
gsm8k_test_000266,1,1,812,484,375,326,0.8693333333333333
gsm8k_test_000267,1,1,892,438,324,292,0.9012345679012346
gsm8k_test_000268,1,1,621,250,198,156,0.7878787878787878
gsm8k_test_000269,1,1,458,237,148,134,0.9054054054054054
gsm8k_test_000270,1,1,452,342,174,209,1.2011494252873562
gsm8k_test_000271,1,1,698,362,213,237,1.1126760563380282
gsm8k_test_000272,1,1,342,234,142,150,1.056338028169014
gsm8k_test_000273,1,1,1208,421,384,281,0.7317708333333334
gsm8k_test_000274,1,1,662,142,206,90,0.4368932038834951
gsm8k_test_000275,1,1,1067,534,374,331,0.8850267379679144
gsm8k_test_000276,1,1,936,435,326,248,0.7607361963190185
gsm8k_test_000277,1,1,681,273,213,159,0.7464788732394366
gsm8k_test_000278,1,1,303,260,102,157,1.5392156862745099
gsm8k_test_000279,1,1,831,272,310,183,0.5903225806451613
gsm8k_test_000280,1,1,523,216,188,137,0.7287234042553191
gsm8k_test_000281,1,1,668,403,256,286,1.1171875
gsm8k_test_000282,1,1,619,326,204,209,1.0245098039215685
gsm8k_test_000283,1,1,880,301,255,195,0.7647058823529411
gsm8k_test_000284,1,1,725,383,265,247,0.9320754716981132
gsm8k_test_000285,1,1,214,139,76,85,1.118421052631579
gsm8k_test_000286,1,1,555,303,195,180,0.9230769230769231
gsm8k_test_000287,1,1,891,351,300,262,0.8733333333333333
gsm8k_test_000288,1,1,441,254,142,158,1.1126760563380282
gsm8k_test_000289,1,1,477,354,158,212,1.3417721518987342
gsm8k_test_000290,1,1,610,393,209,251,1.200956937799043
gsm8k_test_000291,1,1,727,335,206,196,0.9514563106796117
gsm8k_test_000292,1,1,764,388,237,233,0.9831223628691983
gsm8k_test_000295,1,1,489,303,227,206,0.9074889867841409
gsm8k_test_000296,1,1,935,572,312,331,1.060897435897436
gsm8k_test_000297,1,1,500,309,164,215,1.3109756097560976
gsm8k_test_000299,1,1,565,734,199,450,2.2613065326633164
gsm8k_test_000300,1,1,339,261,102,143,1.4019607843137254
gsm8k_test_000301,1,1,1060,288,262,185,0.7061068702290076
gsm8k_test_000302,1,1,368,211,141,136,0.9645390070921985
gsm8k_test_000305,1,1,201,135,78,79,1.0128205128205128
gsm8k_test_000307,1,1,781,535,249,342,1.3734939759036144
gsm8k_test_000308,1,1,667,355,201,211,1.0497512437810945
gsm8k_test_000309,1,1,707,473,220,268,1.2181818181818183
gsm8k_test_000311,1,1,670,285,197,185,0.9390862944162437
gsm8k_test_000312,1,1,435,167,156,98,0.6282051282051282
gsm8k_test_000313,1,1,1002,559,338,364,1.0769230769230769
gsm8k_test_000314,1,1,579,364,209,234,1.1196172248803828
gsm8k_test_000316,1,1,376,241,134,153,1.1417910447761195
gsm8k_test_000317,1,1,645,341,232,186,0.8017241379310345
gsm8k_test_000318,1,1,738,180,248,124,0.5
gsm8k_test_000319,1,1,482,218,151,133,0.8807947019867549
gsm8k_test_000320,1,1,911,304,310,191,0.6161290322580645
gsm8k_test_000321,1,1,423,147,139,78,0.5611510791366906
gsm8k_test_000322,1,1,661,224,216,144,0.6666666666666666
gsm8k_test_000323,1,1,731,419,229,259,1.1310043668122272
gsm8k_test_000324,1,1,514,329,166,187,1.1265060240963856
gsm8k_test_000325,1,1,1137,561,357,320,0.896358543417367
gsm8k_test_000326,1,1,646,258,223,170,0.7623318385650224
gsm8k_test_000327,1,1,681,327,257,202,0.7859922178988327
gsm8k_test_000329,1,1,224,129,80,81,1.0125
gsm8k_test_000330,1,1,639,508,203,316,1.5566502463054188
gsm8k_test_000332,1,1,447,271,158,159,1.0063291139240507
gsm8k_test_000333,1,1,538,464,204,299,1.4656862745098038
gsm8k_test_000334,1,1,237,191,82,122,1.4878048780487805
gsm8k_test_000335,1,1,543,194,174,127,0.7298850574712644
gsm8k_test_000336,1,1,351,379,125,236,1.888
gsm8k_test_000337,1,1,404,323,141,174,1.2340425531914894
gsm8k_test_000338,1,1,432,278,163,189,1.1595092024539877
gsm8k_test_000341,1,1,1028,380,342,312,0.9122807017543859
gsm8k_test_000342,1,1,497,154,149,92,0.6174496644295302
gsm8k_test_000343,1,1,651,228,218,143,0.6559633027522935
gsm8k_test_000344,1,1,345,265,120,165,1.375
gsm8k_test_000345,1,1,490,306,163,200,1.2269938650306749
gsm8k_test_000346,1,1,652,321,197,197,1.0
gsm8k_test_000347,1,1,350,189,125,116,0.928
gsm8k_test_000349,1,1,511,318,174,200,1.1494252873563218
gsm8k_test_000350,1,1,532,262,163,160,0.9815950920245399
gsm8k_test_000351,1,1,733,227,226,146,0.6460176991150443
gsm8k_test_000352,1,1,585,259,174,180,1.0344827586206897
gsm8k_test_000353,1,1,687,566,249,343,1.3775100401606426
gsm8k_test_000354,1,1,495,474,171,295,1.7251461988304093
gsm8k_test_000355,1,1,483,288,141,170,1.2056737588652482
gsm8k_test_000356,1,1,403,266,129,169,1.310077519379845
gsm8k_test_000358,1,1,263,235,105,151,1.438095238095238
gsm8k_test_000359,1,1,1006,508,313,325,1.038338658146965
gsm8k_test_000360,1,1,384,222,137,147,1.072992700729927
gsm8k_test_000361,1,1,1094,415,343,285,0.8309037900874635
gsm8k_test_000362,1,1,864,382,281,249,0.8861209964412812
gsm8k_test_000365,1,1,459,159,148,92,0.6216216216216216
gsm8k_test_000366,1,1,490,155,142,89,0.6267605633802817
gsm8k_test_000369,1,1,672,479,251,301,1.199203187250996
gsm8k_test_000370,1,1,434,287,140,175,1.25
gsm8k_test_000371,1,1,648,262,230,160,0.6956521739130435
gsm8k_test_000372,1,1,299,220,93,125,1.3440860215053763
gsm8k_test_000373,1,1,470,237,164,153,0.9329268292682927
gsm8k_test_000374,1,1,413,259,151,164,1.086092715231788
gsm8k_test_000375,1,1,417,168,130,107,0.823076923076923
gsm8k_test_000376,1,1,380,367,128,212,1.65625
gsm8k_test_000377,1,1,948,381,277,255,0.9205776173285198
gsm8k_test_000378,1,1,665,298,217,204,0.9400921658986175
gsm8k_test_000379,1,1,254,160,88,97,1.1022727272727273
gsm8k_test_000381,1,1,757,307,249,184,0.7389558232931727
gsm8k_test_000384,1,1,695,286,246,173,0.7032520325203252
gsm8k_test_000385,1,1,785,280,248,178,0.717741935483871
gsm8k_test_000387,1,1,357,190,126,125,0.9920634920634921
gsm8k_test_000388,1,1,457,176,146,93,0.636986301369863
gsm8k_test_000390,1,1,445,135,142,85,0.5985915492957746
gsm8k_test_000391,1,1,947,366,324,232,0.7160493827160493
gsm8k_test_000392,1,1,917,474,280,282,1.0071428571428571
gsm8k_test_000393,1,1,797,262,262,162,0.6183206106870229
gsm8k_test_000394,1,1,669,325,209,221,1.0574162679425838
gsm8k_test_000395,1,1,573,245,200,165,0.825
gsm8k_test_000396,1,1,846,259,280,146,0.5214285714285715
gsm8k_test_000397,1,1,301,151,108,92,0.8518518518518519
gsm8k_test_000398,1,1,616,269,234,177,0.7564102564102564
gsm8k_test_000399,1,1,532,192,197,112,0.5685279187817259
gsm8k_test_000400,1,1,343,238,97,143,1.4742268041237114
gsm8k_test_000401,1,1,542,394,180,237,1.3166666666666667
gsm8k_test_000402,1,1,948,269,301,174,0.5780730897009967
gsm8k_test_000405,1,1,805,498,249,322,1.2931726907630523
gsm8k_test_000407,1,1,820,333,286,236,0.8251748251748252
gsm8k_test_000409,1,1,1276,565,452,372,0.8230088495575221
gsm8k_test_000410,1,1,735,482,307,317,1.0325732899022801
gsm8k_test_000411,1,1,510,299,186,186,1.0
gsm8k_test_000412,1,1,252,161,79,98,1.240506329113924
gsm8k_test_000413,1,1,764,546,241,355,1.4730290456431536
gsm8k_test_000414,1,1,372,307,139,194,1.39568345323741
gsm8k_test_000415,1,1,1211,681,452,443,0.9800884955752213
gsm8k_test_000416,1,1,798,350,322,238,0.7391304347826086
gsm8k_test_000418,1,1,849,305,313,167,0.5335463258785943
gsm8k_test_000419,1,1,759,137,235,97,0.4127659574468085
gsm8k_test_000420,1,1,530,269,183,169,0.9234972677595629
gsm8k_test_000421,1,1,589,262,212,172,0.8113207547169812
gsm8k_test_000424,1,1,665,232,223,159,0.7130044843049327
gsm8k_test_000425,1,1,784,331,272,240,0.8823529411764706
gsm8k_test_000429,1,1,403,179,134,98,0.7313432835820896
gsm8k_test_000430,1,1,424,316,190,199,1.0473684210526315
gsm8k_test_000431,1,1,542,142,171,90,0.5263157894736842
gsm8k_test_000432,1,1,569,312,197,212,1.0761421319796953
gsm8k_test_000433,1,1,641,327,215,195,0.9069767441860465
gsm8k_test_000435,1,1,271,158,100,106,1.06
gsm8k_test_000436,1,1,453,194,160,120,0.75
gsm8k_test_000437,1,1,492,313,151,189,1.2516556291390728
gsm8k_test_000438,1,1,664,414,217,261,1.2027649769585254
gsm8k_test_000439,1,1,705,537,207,304,1.4685990338164252
gsm8k_test_000440,1,1,1146,453,389,286,0.7352185089974294
gsm8k_test_000441,1,1,586,384,192,246,1.28125
gsm8k_test_000442,1,1,788,278,264,193,0.7310606060606061
gsm8k_test_000444,1,1,472,270,174,162,0.9310344827586207
gsm8k_test_000445,1,1,834,495,260,315,1.2115384615384615
gsm8k_test_000446,1,1,474,313,161,210,1.3043478260869565
gsm8k_test_000447,1,1,268,179,100,117,1.17
gsm8k_test_000448,1,1,881,313,295,208,0.7050847457627119
gsm8k_test_000449,1,1,595,224,179,131,0.7318435754189944
gsm8k_test_000450,1,1,739,471,253,330,1.3043478260869565
gsm8k_test_000451,1,1,810,397,243,247,1.0164609053497942
gsm8k_test_000453,1,1,334,243,150,165,1.1
gsm8k_test_000455,1,1,681,380,243,271,1.1152263374485596
gsm8k_test_000456,1,1,687,381,256,238,0.9296875
gsm8k_test_000457,1,1,581,258,198,163,0.8232323232323232
gsm8k_test_000458,1,1,594,285,180,173,0.9611111111111111
gsm8k_test_000459,1,1,921,500,313,338,1.0798722044728435
gsm8k_test_000460,1,1,842,209,220,126,0.5727272727272728
gsm8k_test_000461,1,1,615,306,215,176,0.8186046511627907
gsm8k_test_000462,1,1,169,118,65,67,1.0307692307692307
gsm8k_test_000463,1,1,395,156,133,95,0.7142857142857143
gsm8k_test_000465,1,1,633,252,210,175,0.8333333333333334
gsm8k_test_000467,1,1,712,326,239,205,0.8577405857740585
gsm8k_test_000468,1,1,764,431,271,286,1.055350553505535
gsm8k_test_000469,1,1,561,151,165,92,0.5575757575757576
gsm8k_test_000470,1,1,562,212,174,132,0.7586206896551724
gsm8k_test_000471,1,1,678,365,244,219,0.8975409836065574
gsm8k_test_000472,1,1,467,294,158,176,1.1139240506329113
gsm8k_test_000473,1,1,828,235,275,149,0.5418181818181819
gsm8k_test_000474,1,1,412,221,122,132,1.0819672131147542
gsm8k_test_000475,1,1,663,428,186,248,1.3333333333333333
gsm8k_test_000476,1,1,407,227,131,134,1.0229007633587786
gsm8k_test_000477,1,1,780,401,237,257,1.0843881856540085
gsm8k_test_000478,1,1,478,317,154,201,1.3051948051948052
gsm8k_test_000479,1,1,640,425,247,255,1.0323886639676114
gsm8k_test_000480,1,1,328,309,112,166,1.4821428571428572
gsm8k_test_000481,1,1,545,221,191,152,0.7958115183246073
gsm8k_test_000482,1,1,382,189,125,106,0.848
gsm8k_test_000483,1,1,457,500,167,278,1.6646706586826348
gsm8k_test_000484,1,1,472,237,157,139,0.8853503184713376
gsm8k_test_000485,1,1,351,161,119,102,0.8571428571428571
gsm8k_test_000486,1,1,499,211,159,128,0.8050314465408805
gsm8k_test_000487,1,1,835,442,285,279,0.9789473684210527
gsm8k_test_000488,1,1,431,242,149,142,0.9530201342281879
gsm8k_test_000489,1,1,320,297,107,171,1.5981308411214954
gsm8k_test_000490,1,1,210,140,67,81,1.208955223880597
gsm8k_test_000491,1,1,308,208,102,124,1.2156862745098038
gsm8k_test_000492,1,1,361,135,106,83,0.7830188679245284
gsm8k_test_000493,1,1,521,433,188,290,1.5425531914893618
gsm8k_test_000495,1,1,490,207,151,112,0.7417218543046358
gsm8k_test_000496,1,1,547,303,173,184,1.0635838150289016
gsm8k_test_000497,1,1,527,230,165,138,0.8363636363636363
gsm8k_test_000498,1,1,498,262,154,181,1.1753246753246753
gsm8k_test_000499,1,1,448,363,183,239,1.3060109289617485
gsm8k_test_000500,1,1,715,588,252,350,1.3888888888888888
gsm8k_test_000501,1,1,285,257,118,154,1.305084745762712
gsm8k_test_000502,1,1,365,251,127,146,1.1496062992125984
gsm8k_test_000504,1,1,621,288,214,198,0.9252336448598131
gsm8k_test_000507,1,1,832,326,279,201,0.7204301075268817
gsm8k_test_000508,1,1,886,357,292,239,0.8184931506849316
gsm8k_test_000509,1,1,696,188,222,102,0.4594594594594595
gsm8k_test_000511,1,1,186,157,79,95,1.2025316455696202
gsm8k_test_000512,1,1,401,178,126,118,0.9365079365079365
gsm8k_test_000513,1,1,502,275,217,182,0.8387096774193549
gsm8k_test_000514,1,1,401,231,181,165,0.9116022099447514
gsm8k_test_000516,1,1,365,281,110,166,1.509090909090909
gsm8k_test_000517,1,1,539,240,163,139,0.852760736196319
gsm8k_test_000518,1,1,580,303,220,193,0.8772727272727273
gsm8k_test_000520,1,1,441,242,154,158,1.025974025974026
gsm8k_test_000521,1,1,748,278,223,196,0.8789237668161435
gsm8k_test_000522,1,1,624,265,203,180,0.8866995073891626
gsm8k_test_000523,1,1,444,182,145,120,0.8275862068965517
gsm8k_test_000525,1,1,940,255,279,162,0.5806451612903226
gsm8k_test_000526,1,1,517,496,167,315,1.8862275449101797
gsm8k_test_000527,1,1,758,400,248,246,0.9919354838709677
gsm8k_test_000528,1,1,660,544,257,365,1.4202334630350195
gsm8k_test_000529,1,1,721,364,225,206,0.9155555555555556
gsm8k_test_000531,1,1,549,315,188,189,1.0053191489361701
gsm8k_test_000532,1,1,934,517,371,328,0.8840970350404312
gsm8k_test_000533,1,1,774,494,277,289,1.0433212996389891
gsm8k_test_000535,1,1,460,287,157,172,1.0955414012738853
gsm8k_test_000536,1,1,297,195,110,112,1.018181818181818
gsm8k_test_000537,1,1,425,258,145,154,1.0620689655172413
gsm8k_test_000538,1,1,391,176,119,114,0.957983193277311
gsm8k_test_000541,1,1,675,279,273,190,0.6959706959706959
gsm8k_test_000543,1,1,563,328,191,187,0.9790575916230366
gsm8k_test_000544,1,1,471,206,172,136,0.7906976744186046
gsm8k_test_000545,1,1,360,128,114,77,0.6754385964912281
gsm8k_test_000547,1,1,610,333,196,234,1.1938775510204083
gsm8k_test_000548,1,1,499,194,174,126,0.7241379310344828
gsm8k_test_000549,1,1,757,321,234,187,0.7991452991452992
gsm8k_test_000550,1,1,697,395,285,244,0.856140350877193
gsm8k_test_000551,1,1,624,455,216,307,1.4212962962962963
gsm8k_test_000552,1,1,571,360,212,222,1.0471698113207548
gsm8k_test_000553,1,1,510,198,155,125,0.8064516129032258
gsm8k_test_000554,1,1,782,370,267,239,0.8951310861423221
gsm8k_test_000555,1,1,658,273,236,170,0.7203389830508474
gsm8k_test_000556,1,1,399,269,126,159,1.2619047619047619
gsm8k_test_000557,1,1,555,243,172,177,1.0290697674418605
gsm8k_test_000558,1,1,363,208,129,114,0.8837209302325582
gsm8k_test_000559,1,1,1099,288,319,174,0.5454545454545454
gsm8k_test_000560,1,1,489,311,157,194,1.2356687898089171
gsm8k_test_000561,1,1,429,226,169,157,0.9289940828402367
gsm8k_test_000562,1,1,580,336,184,212,1.1521739130434783
gsm8k_test_000563,1,1,670,177,215,114,0.5302325581395348
gsm8k_test_000565,1,1,646,389,196,233,1.1887755102040816
gsm8k_test_000566,1,1,573,240,218,170,0.7798165137614679
gsm8k_test_000567,1,1,723,373,254,259,1.0196850393700787
gsm8k_test_000568,1,1,747,495,258,331,1.2829457364341086
gsm8k_test_000569,1,1,453,244,138,149,1.0797101449275361
gsm8k_test_000571,1,1,343,175,127,105,0.8267716535433071
gsm8k_test_000572,1,1,843,162,245,104,0.42448979591836733
gsm8k_test_000573,1,1,357,181,132,116,0.8787878787878788
gsm8k_test_000574,1,1,885,458,300,341,1.1366666666666667
gsm8k_test_000575,1,1,589,211,191,139,0.7277486910994765
gsm8k_test_000577,1,1,460,181,172,114,0.6627906976744186
gsm8k_test_000578,1,1,612,284,221,168,0.7601809954751131
gsm8k_test_000579,1,1,201,102,72,60,0.8333333333333334
gsm8k_test_000581,1,1,527,232,170,132,0.7764705882352941
gsm8k_test_000582,1,1,521,296,204,190,0.9313725490196079
gsm8k_test_000583,1,1,759,253,274,171,0.6240875912408759
gsm8k_test_000585,1,1,837,345,251,240,0.9561752988047809
gsm8k_test_000586,1,1,342,264,126,191,1.5158730158730158
gsm8k_test_000587,1,1,1012,541,431,352,0.8167053364269141
gsm8k_test_000588,1,1,387,212,136,130,0.9558823529411765
gsm8k_test_000591,1,1,522,322,200,192,0.96
gsm8k_test_000592,1,1,606,315,177,182,1.0282485875706215
gsm8k_test_000593,1,1,948,257,312,187,0.5993589743589743
gsm8k_test_000594,1,1,682,341,213,212,0.9953051643192489
gsm8k_test_000595,1,1,458,265,167,169,1.0119760479041917
gsm8k_test_000597,1,1,533,207,192,140,0.7291666666666666
gsm8k_test_000598,1,1,648,426,225,269,1.1955555555555555
gsm8k_test_000599,1,1,493,284,170,191,1.1235294117647059
gsm8k_test_000600,1,1,356,159,128,98,0.765625
gsm8k_test_000602,1,1,521,316,181,193,1.0662983425414365
gsm8k_test_000603,1,1,667,525,228,330,1.4473684210526316
gsm8k_test_000604,1,1,454,306,152,171,1.125
gsm8k_test_000605,1,1,824,224,278,141,0.5071942446043165
gsm8k_test_000606,1,1,871,577,281,354,1.2597864768683273
gsm8k_test_000608,1,1,443,253,149,158,1.0604026845637584
gsm8k_test_000609,1,1,500,274,149,170,1.1409395973154361
gsm8k_test_000610,1,1,455,340,172,211,1.2267441860465116
gsm8k_test_000612,1,1,559,294,177,190,1.073446327683616
gsm8k_test_000613,1,1,564,245,179,153,0.8547486033519553
gsm8k_test_000614,1,1,700,224,228,138,0.6052631578947368
gsm8k_test_000615,1,1,432,264,188,171,0.9095744680851063
gsm8k_test_000616,1,1,397,135,139,87,0.6258992805755396
gsm8k_test_000617,1,1,598,239,213,143,0.6713615023474179
gsm8k_test_000618,1,1,557,437,203,255,1.2561576354679802
gsm8k_test_000619,1,1,809,334,227,213,0.9383259911894273
gsm8k_test_000620,1,1,532,225,167,145,0.8682634730538922
gsm8k_test_000621,1,1,633,335,199,196,0.9849246231155779
gsm8k_test_000622,1,1,921,255,319,183,0.5736677115987461
gsm8k_test_000623,1,1,353,163,112,112,1.0
gsm8k_test_000624,1,1,536,151,158,97,0.6139240506329114
gsm8k_test_000625,1,1,348,182,117,107,0.9145299145299145
gsm8k_test_000626,1,1,468,213,183,141,0.7704918032786885
gsm8k_test_000627,1,1,554,419,192,278,1.4479166666666667
gsm8k_test_000628,1,1,324,174,89,126,1.4157303370786516
gsm8k_test_000629,1,1,631,291,257,207,0.8054474708171206
gsm8k_test_000630,1,1,518,339,173,207,1.1965317919075145
gsm8k_test_000631,1,1,633,452,235,272,1.1574468085106382
gsm8k_test_000632,1,1,417,257,148,193,1.304054054054054
gsm8k_test_000633,1,1,668,277,204,186,0.9117647058823529
gsm8k_test_000634,1,1,459,167,151,117,0.7748344370860927
gsm8k_test_000635,1,1,1241,665,411,419,1.0194647201946472
gsm8k_test_000636,1,1,858,293,255,172,0.6745098039215687
gsm8k_test_000637,1,1,498,275,190,176,0.9263157894736842
gsm8k_test_000638,1,1,742,438,288,271,0.9409722222222222
gsm8k_test_000639,1,1,622,191,198,121,0.6111111111111112
gsm8k_test_000640,1,1,778,425,309,287,0.9288025889967637
gsm8k_test_000643,1,1,592,381,169,236,1.3964497041420119
gsm8k_test_000644,1,1,333,305,123,177,1.4390243902439024
gsm8k_test_000645,1,1,490,236,145,137,0.9448275862068966
gsm8k_test_000646,1,1,597,354,216,198,0.9166666666666666
gsm8k_test_000648,1,1,713,209,215,124,0.5767441860465117
gsm8k_test_000650,1,1,779,569,293,372,1.2696245733788396
gsm8k_test_000651,1,1,443,388,170,245,1.4411764705882353
gsm8k_test_000653,1,1,555,147,169,95,0.5621301775147929
gsm8k_test_000655,1,1,311,147,108,83,0.7685185185185185
gsm8k_test_000656,1,1,437,211,131,125,0.9541984732824428
gsm8k_test_000657,1,1,591,371,229,245,1.0698689956331877
gsm8k_test_000658,1,1,1047,424,364,252,0.6923076923076923
gsm8k_test_000659,1,1,478,639,194,374,1.9278350515463918
gsm8k_test_000660,1,1,707,443,287,283,0.9860627177700348
gsm8k_test_000661,1,1,604,229,197,136,0.6903553299492385
gsm8k_test_000662,1,1,619,256,215,182,0.8465116279069768
gsm8k_test_000663,1,1,643,313,197,217,1.101522842639594
gsm8k_test_000664,1,1,510,254,159,174,1.0943396226415094
gsm8k_test_000665,1,1,427,302,139,183,1.316546762589928
gsm8k_test_000666,1,1,781,405,309,239,0.7734627831715211
gsm8k_test_000667,1,1,447,308,133,182,1.368421052631579
gsm8k_test_000668,1,1,371,245,128,150,1.171875
gsm8k_test_000669,1,1,599,232,197,168,0.8527918781725888
gsm8k_test_000670,1,1,412,141,130,81,0.6230769230769231
gsm8k_test_000671,1,1,333,238,117,153,1.3076923076923077
gsm8k_test_000672,1,1,893,541,276,370,1.3405797101449275
gsm8k_test_000673,1,1,448,291,162,174,1.0740740740740742
gsm8k_test_000674,1,1,723,436,233,256,1.0987124463519313
gsm8k_test_000676,1,1,697,511,250,290,1.16
gsm8k_test_000677,1,1,239,395,73,221,3.0273972602739727
gsm8k_test_000678,1,1,401,256,131,146,1.1145038167938932
gsm8k_test_000679,1,1,508,191,156,121,0.7756410256410257
gsm8k_test_000680,1,1,497,241,159,138,0.8679245283018868
gsm8k_test_000682,1,1,491,278,187,197,1.053475935828877
gsm8k_test_000683,1,1,1313,471,463,287,0.6198704103671706
gsm8k_test_000684,1,1,393,238,124,143,1.153225806451613
gsm8k_test_000685,1,1,387,321,143,183,1.2797202797202798
gsm8k_test_000686,1,1,336,203,118,138,1.1694915254237288
gsm8k_test_000687,1,1,860,460,326,315,0.9662576687116564
gsm8k_test_000688,1,1,555,299,166,180,1.0843373493975903
gsm8k_test_000690,1,1,867,473,310,301,0.9709677419354839
gsm8k_test_000691,1,1,794,436,300,286,0.9533333333333334
gsm8k_test_000692,1,1,685,413,277,281,1.0144404332129964
gsm8k_test_000693,1,1,647,373,230,251,1.0913043478260869
gsm8k_test_000694,1,1,807,337,247,212,0.8582995951417004
gsm8k_test_000695,1,1,366,229,144,145,1.0069444444444444
gsm8k_test_000697,1,1,655,306,168,179,1.0654761904761905
gsm8k_test_000698,1,1,539,306,198,218,1.101010101010101
gsm8k_test_000699,1,1,363,233,114,158,1.3859649122807018
gsm8k_test_000700,1,1,687,357,212,231,1.0896226415094339
gsm8k_test_000701,1,1,714,338,233,228,0.9785407725321889
gsm8k_test_000702,1,1,709,357,312,246,0.7884615384615384
gsm8k_test_000703,1,1,722,519,231,293,1.2683982683982684
gsm8k_test_000704,1,1,544,231,183,133,0.726775956284153
gsm8k_test_000705,1,1,622,252,202,166,0.8217821782178217
gsm8k_test_000706,1,1,827,215,271,139,0.5129151291512916
gsm8k_test_000707,1,1,765,414,213,247,1.15962441314554
gsm8k_test_000708,1,1,402,142,135,83,0.6148148148148148
gsm8k_test_000709,1,1,1241,592,401,382,0.9526184538653366
gsm8k_test_000710,1,1,672,327,300,215,0.7166666666666667
gsm8k_test_000711,1,1,597,291,222,210,0.9459459459459459
gsm8k_test_000712,1,1,833,302,269,210,0.7806691449814126
gsm8k_test_000713,1,1,341,279,115,163,1.4173913043478261
gsm8k_test_000714,1,1,673,478,234,279,1.1923076923076923
gsm8k_test_000715,1,1,353,206,141,130,0.9219858156028369
gsm8k_test_000716,1,1,707,346,223,249,1.116591928251121
gsm8k_test_000717,1,1,348,175,134,124,0.9253731343283582
gsm8k_test_000718,1,1,423,228,151,140,0.9271523178807947
gsm8k_test_000719,1,1,312,239,100,160,1.6
gsm8k_test_000720,1,1,523,252,136,131,0.9632352941176471
gsm8k_test_000721,1,1,1221,685,361,447,1.2382271468144044
gsm8k_test_000723,1,1,624,238,177,158,0.8926553672316384
gsm8k_test_000724,1,1,1308,595,412,330,0.8009708737864077
gsm8k_test_000725,1,1,722,423,247,250,1.0121457489878543
gsm8k_test_000726,1,1,756,344,273,214,0.7838827838827839
gsm8k_test_000728,1,1,487,339,185,241,1.3027027027027027
gsm8k_test_000730,1,1,456,186,147,111,0.7551020408163265
gsm8k_test_000731,1,1,972,414,317,234,0.7381703470031545
gsm8k_test_000732,1,1,559,320,212,201,0.9481132075471698
gsm8k_test_000733,1,1,369,106,106,60,0.5660377358490566
gsm8k_test_000734,1,1,681,276,205,175,0.8536585365853658
gsm8k_test_000735,1,1,470,371,188,245,1.303191489361702
gsm8k_test_000736,1,1,473,449,185,246,1.3297297297297297
gsm8k_test_000737,1,1,990,429,293,285,0.9726962457337884
gsm8k_test_000738,1,1,745,361,247,189,0.7651821862348178
gsm8k_test_000739,1,1,829,264,271,189,0.6974169741697417
gsm8k_test_000741,1,1,428,309,140,172,1.2285714285714286
gsm8k_test_000742,1,1,651,230,203,134,0.6600985221674877
gsm8k_test_000743,1,1,364,216,131,142,1.083969465648855
gsm8k_test_000747,1,1,537,172,164,104,0.6341463414634146
gsm8k_test_000748,1,1,714,355,250,197,0.788
gsm8k_test_000750,1,1,960,663,323,466,1.4427244582043344
gsm8k_test_000751,1,1,530,454,189,267,1.4126984126984128
gsm8k_test_000755,1,1,444,149,130,91,0.7
gsm8k_test_000756,1,1,381,177,135,115,0.8518518518518519
gsm8k_test_000757,1,1,664,285,253,195,0.7707509881422925
gsm8k_test_000758,1,1,335,204,121,131,1.0826446280991735
gsm8k_test_000759,1,1,395,229,131,149,1.1374045801526718
gsm8k_test_000760,1,1,538,289,180,200,1.1111111111111112
gsm8k_test_000761,1,1,626,257,222,156,0.7027027027027027
gsm8k_test_000762,1,1,266,276,112,152,1.3571428571428572
gsm8k_test_000763,1,1,512,288,217,195,0.8986175115207373
gsm8k_test_000764,1,1,665,315,212,190,0.8962264150943396
gsm8k_test_000765,1,1,610,361,226,210,0.9292035398230089
gsm8k_test_000766,1,1,321,207,100,126,1.26
gsm8k_test_000767,1,1,626,280,202,157,0.7772277227722773
gsm8k_test_000770,1,1,732,299,195,191,0.9794871794871794
gsm8k_test_000771,1,1,380,368,121,212,1.7520661157024793
gsm8k_test_000772,1,1,727,275,226,187,0.827433628318584
gsm8k_test_000773,1,1,405,336,155,202,1.303225806451613
gsm8k_test_000775,1,1,729,355,218,222,1.018348623853211
gsm8k_test_000776,1,1,278,164,109,104,0.9541284403669725
gsm8k_test_000777,1,1,1060,732,388,467,1.2036082474226804
gsm8k_test_000778,1,1,500,347,191,237,1.2408376963350785
gsm8k_test_000781,1,1,671,207,190,139,0.7315789473684211
gsm8k_test_000783,1,1,926,638,346,394,1.138728323699422
gsm8k_test_000784,1,1,488,332,142,220,1.5492957746478873
gsm8k_test_000785,1,1,550,418,183,262,1.4316939890710383
gsm8k_test_000786,1,1,603,237,178,155,0.8707865168539326
gsm8k_test_000787,1,1,613,270,201,159,0.7910447761194029
gsm8k_test_000788,1,1,676,248,206,146,0.7087378640776699
gsm8k_test_000789,1,1,802,328,234,204,0.8717948717948718
gsm8k_test_000790,1,1,863,397,282,238,0.8439716312056738
gsm8k_test_000791,1,1,285,213,113,135,1.1946902654867257
gsm8k_test_000792,1,1,597,153,191,95,0.4973821989528796
gsm8k_test_000793,1,1,436,340,157,226,1.4394904458598725
gsm8k_test_000794,1,1,504,249,173,151,0.8728323699421965
gsm8k_test_000795,1,1,423,180,153,120,0.7843137254901961
gsm8k_test_000797,1,1,491,149,164,90,0.5487804878048781
gsm8k_test_000798,1,1,1059,340,359,243,0.6768802228412256
gsm8k_test_000799,1,1,362,235,118,147,1.2457627118644068
gsm8k_test_000800,1,1,452,283,171,147,0.8596491228070176
gsm8k_test_000801,1,1,793,424,273,297,1.0879120879120878
gsm8k_test_000802,1,1,906,403,329,268,0.8145896656534954
gsm8k_test_000803,1,1,987,358,334,242,0.7245508982035929
gsm8k_test_000804,1,1,566,422,172,262,1.5232558139534884
gsm8k_test_000805,1,1,435,303,161,188,1.1677018633540373
gsm8k_test_000808,1,1,1076,416,336,251,0.7470238095238095
gsm8k_test_000810,1,1,1413,466,411,276,0.6715328467153284
gsm8k_test_000811,1,1,766,158,227,93,0.40969162995594716
gsm8k_test_000812,1,1,782,547,291,367,1.261168384879725
gsm8k_test_000815,1,1,1341,316,515,218,0.42330097087378643
gsm8k_test_000816,1,1,305,143,116,96,0.8275862068965517
gsm8k_test_000817,1,1,462,170,140,103,0.7357142857142858
gsm8k_test_000819,1,1,432,387,151,251,1.6622516556291391
gsm8k_test_000820,1,1,301,341,108,122,1.1296296296296295
gsm8k_test_000821,1,1,547,377,179,222,1.2402234636871508
gsm8k_test_000822,1,1,483,285,176,170,0.9659090909090909
gsm8k_test_000824,1,1,589,490,187,155,0.8288770053475936
gsm8k_test_000825,1,1,643,286,263,190,0.7224334600760456
gsm8k_test_000826,1,1,521,321,174,182,1.0459770114942528
gsm8k_test_000828,1,1,457,273,173,112,0.6473988439306358
gsm8k_test_000829,1,1,654,587,247,225,0.9109311740890689
gsm8k_test_000831,1,1,1207,732,379,485,1.279683377308707
gsm8k_test_000832,1,1,366,282,147,177,1.2040816326530612
gsm8k_test_000833,1,1,1051,456,359,267,0.7437325905292479
gsm8k_test_000834,1,1,622,305,202,188,0.9306930693069307
gsm8k_test_000836,1,1,623,227,228,147,0.6447368421052632
gsm8k_test_000837,1,1,943,392,312,246,0.7884615384615384
gsm8k_test_000838,1,1,771,219,221,136,0.6153846153846154
gsm8k_test_000839,1,1,408,253,130,176,1.353846153846154
gsm8k_test_000841,1,1,315,179,120,111,0.925
gsm8k_test_000842,1,1,327,140,103,83,0.8058252427184466
gsm8k_test_000843,1,1,562,285,180,175,0.9722222222222222
gsm8k_test_000844,1,1,1032,439,332,284,0.8554216867469879
gsm8k_test_000845,1,1,698,265,189,175,0.9259259259259259
gsm8k_test_000846,1,1,785,381,218,243,1.114678899082569
gsm8k_test_000847,1,1,738,467,270,271,1.0037037037037038
gsm8k_test_000848,1,1,587,364,183,256,1.3989071038251366
gsm8k_test_000849,1,1,376,235,130,141,1.0846153846153845
gsm8k_test_000850,1,1,458,261,170,179,1.0529411764705883
gsm8k_test_000851,1,1,630,172,192,101,0.5260416666666666
gsm8k_test_000852,1,1,484,323,140,201,1.4357142857142857
gsm8k_test_000853,1,1,485,278,166,159,0.9578313253012049
gsm8k_test_000854,1,1,607,338,231,214,0.9264069264069265
gsm8k_test_000855,1,1,686,354,317,251,0.7917981072555205
gsm8k_test_000856,1,1,766,206,203,126,0.6206896551724138
gsm8k_test_000857,1,1,566,256,186,151,0.8118279569892473
gsm8k_test_000859,1,1,457,438,198,277,1.398989898989899
gsm8k_test_000860,1,1,297,148,96,93,0.96875
gsm8k_test_000861,1,1,1150,494,379,322,0.8496042216358839
gsm8k_test_000862,1,1,854,293,294,182,0.6190476190476191
gsm8k_test_000863,1,1,545,198,192,134,0.6979166666666666
gsm8k_test_000864,1,1,575,401,186,245,1.3172043010752688
gsm8k_test_000865,1,1,419,271,149,187,1.25503355704698
gsm8k_test_000866,1,1,877,262,355,168,0.4732394366197183
gsm8k_test_000867,1,1,297,176,91,113,1.2417582417582418
gsm8k_test_000868,1,1,489,377,176,226,1.2840909090909092
gsm8k_test_000869,1,1,303,153,105,97,0.9238095238095239
gsm8k_test_000870,1,1,617,335,217,200,0.9216589861751152
gsm8k_test_000871,1,1,835,393,301,226,0.7508305647840532
gsm8k_test_000872,1,1,638,278,241,186,0.7717842323651453
gsm8k_test_000873,1,1,474,220,185,137,0.7405405405405405
gsm8k_test_000874,1,1,412,189,136,119,0.875
gsm8k_test_000875,1,1,291,187,119,117,0.9831932773109243
gsm8k_test_000876,1,1,812,405,266,319,1.199248120300752
gsm8k_test_000878,1,1,413,228,142,137,0.9647887323943662
gsm8k_test_000880,1,1,577,314,186,188,1.010752688172043
gsm8k_test_000881,1,1,696,323,235,201,0.8553191489361702
gsm8k_test_000882,1,1,1338,712,444,467,1.0518018018018018
gsm8k_test_000883,1,1,598,238,200,156,0.78
gsm8k_test_000884,1,1,418,180,130,107,0.823076923076923
gsm8k_test_000885,1,1,345,287,124,182,1.467741935483871
gsm8k_test_000886,1,1,546,386,180,244,1.3555555555555556
gsm8k_test_000887,1,1,596,343,198,201,1.0151515151515151
gsm8k_test_000888,1,1,287,134,95,94,0.9894736842105263
gsm8k_test_000889,1,1,525,358,180,216,1.2
gsm8k_test_000890,1,1,437,399,171,218,1.2748538011695907
gsm8k_test_000891,1,1,648,335,253,188,0.7430830039525692
gsm8k_test_000892,1,1,618,256,200,174,0.87
gsm8k_test_000893,1,1,266,229,88,139,1.5795454545454546
gsm8k_test_000895,1,1,386,292,149,140,0.9395973154362416
gsm8k_test_000896,1,1,325,338,102,202,1.9803921568627452
gsm8k_test_000897,1,1,612,412,199,212,1.065326633165829
gsm8k_test_000898,1,1,447,343,166,203,1.2228915662650603
gsm8k_test_000899,1,1,324,164,98,106,1.0816326530612246
gsm8k_test_000902,1,1,415,243,151,143,0.9470198675496688
gsm8k_test_000904,1,1,526,142,156,89,0.5705128205128205
gsm8k_test_000905,1,1,645,269,221,168,0.7601809954751131
gsm8k_test_000906,1,1,649,275,212,169,0.7971698113207547
gsm8k_test_000907,1,1,196,140,68,72,1.0588235294117647
gsm8k_test_000908,1,1,343,174,137,102,0.7445255474452555
gsm8k_test_000909,1,1,803,418,301,250,0.8305647840531561
gsm8k_test_000910,1,1,513,214,182,141,0.7747252747252747
gsm8k_test_000911,1,1,585,321,193,190,0.9844559585492227
gsm8k_test_000912,1,1,600,206,171,141,0.8245614035087719
gsm8k_test_000913,1,1,900,261,252,183,0.7261904761904762
gsm8k_test_000914,1,1,481,166,174,109,0.6264367816091954
gsm8k_test_000915,1,1,369,214,125,129,1.032
gsm8k_test_000916,1,1,681,475,237,365,1.540084388185654
gsm8k_test_000917,1,1,333,193,105,118,1.1238095238095238
gsm8k_test_000918,1,1,422,353,137,223,1.6277372262773722
gsm8k_test_000919,1,1,794,437,254,271,1.0669291338582678
gsm8k_test_000920,1,1,609,388,232,259,1.1163793103448276
gsm8k_test_000921,1,1,535,180,160,112,0.7
gsm8k_test_000922,1,1,664,130,196,78,0.3979591836734694
gsm8k_test_000924,1,1,634,339,199,221,1.1105527638190955
gsm8k_test_000925,1,1,562,259,197,191,0.9695431472081218
gsm8k_test_000926,1,1,1442,1016,461,692,1.5010845986984815
gsm8k_test_000927,1,1,884,306,306,225,0.7352941176470589
gsm8k_test_000930,1,1,487,316,143,198,1.3846153846153846
gsm8k_test_000931,1,1,861,532,378,326,0.8624338624338624
gsm8k_test_000932,1,1,680,210,210,140,0.6666666666666666
gsm8k_test_000933,1,1,522,203,175,139,0.7942857142857143
gsm8k_test_000935,1,1,1084,743,409,478,1.1687041564792175
gsm8k_test_000936,1,1,983,484,315,330,1.0476190476190477
gsm8k_test_000937,1,1,684,311,215,221,1.027906976744186
gsm8k_test_000938,1,1,719,515,268,356,1.328358208955224
gsm8k_test_000939,1,1,605,228,192,140,0.7291666666666666
gsm8k_test_000940,1,1,496,254,148,159,1.0743243243243243
gsm8k_test_000941,1,1,492,197,152,124,0.8157894736842105
gsm8k_test_000942,1,1,695,284,229,173,0.7554585152838428
gsm8k_test_000944,1,1,461,280,159,178,1.119496855345912
gsm8k_test_000946,1,1,374,222,125,132,1.056
gsm8k_test_000947,1,1,202,160,60,98,1.6333333333333333
gsm8k_test_000948,1,1,615,490,198,296,1.494949494949495
gsm8k_test_000950,1,1,509,558,210,342,1.6285714285714286
gsm8k_test_000954,1,1,836,467,253,254,1.0039525691699605
gsm8k_test_000955,1,1,808,453,242,292,1.2066115702479339
gsm8k_test_000957,1,1,366,314,142,169,1.1901408450704225
gsm8k_test_000958,1,1,562,267,164,156,0.9512195121951219
gsm8k_test_000959,1,1,860,296,262,175,0.6679389312977099
gsm8k_test_000961,1,1,316,245,116,152,1.3103448275862069
gsm8k_test_000963,1,1,749,321,308,223,0.724025974025974
gsm8k_test_000964,1,1,597,274,187,165,0.8823529411764706
gsm8k_test_000965,1,1,1129,577,387,409,1.0568475452196382
gsm8k_test_000966,1,1,703,661,226,390,1.7256637168141593
gsm8k_test_000967,1,1,562,322,212,194,0.9150943396226415
gsm8k_test_000968,1,1,779,177,260,123,0.47307692307692306
gsm8k_test_000969,1,1,577,301,202,201,0.995049504950495
gsm8k_test_000970,1,1,487,126,143,83,0.5804195804195804
gsm8k_test_000971,1,1,575,295,188,181,0.9627659574468085
gsm8k_test_000973,1,1,646,507,234,302,1.2905982905982907
gsm8k_test_000974,1,1,284,192,95,123,1.2947368421052632
gsm8k_test_000975,1,1,710,422,234,285,1.2179487179487178
gsm8k_test_000977,1,1,750,283,243,169,0.6954732510288066
gsm8k_test_000978,1,1,568,229,206,133,0.6456310679611651
gsm8k_test_000979,1,1,1123,604,419,387,0.9236276849642004
gsm8k_test_000980,1,1,535,205,176,135,0.7670454545454546
gsm8k_test_000981,1,1,653,280,199,177,0.8894472361809045
gsm8k_test_000982,1,1,554,388,169,221,1.3076923076923077
gsm8k_test_000983,1,1,503,169,155,91,0.5870967741935483
gsm8k_test_000985,1,1,370,138,132,82,0.6212121212121212
gsm8k_test_000986,1,1,700,251,247,181,0.7327935222672065
gsm8k_test_000987,1,1,678,422,229,265,1.1572052401746724
gsm8k_test_000988,1,1,375,209,150,135,0.9
gsm8k_test_000990,1,1,708,495,217,290,1.336405529953917
gsm8k_test_000991,1,1,1398,436,408,264,0.6470588235294118
gsm8k_test_000992,1,1,738,335,255,214,0.8392156862745098
gsm8k_test_000993,1,1,1087,442,366,261,0.7131147540983607
gsm8k_test_000994,1,1,596,310,221,184,0.832579185520362
gsm8k_test_000995,1,1,538,158,157,93,0.5923566878980892
gsm8k_test_000996,1,1,1108,503,448,306,0.6830357142857143
gsm8k_test_000998,1,1,594,325,187,190,1.0160427807486632
gsm8k_test_001000,1,1,893,244,294,154,0.5238095238095238
gsm8k_test_001002,1,1,519,339,174,205,1.1781609195402298
gsm8k_test_001003,1,1,670,349,198,228,1.1515151515151516
gsm8k_test_001004,1,1,743,233,268,143,0.5335820895522388
gsm8k_test_001005,1,1,806,397,258,240,0.9302325581395349
gsm8k_test_001006,1,1,757,503,258,286,1.1085271317829457
gsm8k_test_001007,1,1,528,318,168,201,1.1964285714285714
gsm8k_test_001008,1,1,700,154,248,104,0.41935483870967744
gsm8k_test_001009,1,1,980,770,388,452,1.1649484536082475
gsm8k_test_001010,1,1,685,383,237,229,0.9662447257383966
gsm8k_test_001013,1,1,550,293,198,195,0.9848484848484849
gsm8k_test_001014,1,1,486,352,220,246,1.1181818181818182
gsm8k_test_001015,1,1,381,385,142,247,1.7394366197183098
gsm8k_test_001017,1,1,1130,259,310,163,0.5258064516129032
gsm8k_test_001018,1,1,498,157,175,90,0.5142857142857142
gsm8k_test_001020,1,1,445,141,132,86,0.6515151515151515
gsm8k_test_001021,1,1,848,527,292,340,1.1643835616438356
gsm8k_test_001022,1,1,1111,431,372,271,0.728494623655914
gsm8k_test_001023,1,1,450,152,128,93,0.7265625
gsm8k_test_001024,1,1,626,203,207,117,0.5652173913043478
gsm8k_test_001025,1,1,461,255,165,155,0.9393939393939394
gsm8k_test_001026,1,1,596,266,216,190,0.8796296296296297
gsm8k_test_001027,1,1,438,263,126,170,1.3492063492063493
gsm8k_test_001028,1,1,344,218,131,141,1.0763358778625953
gsm8k_test_001031,1,1,710,322,224,211,0.9419642857142857
gsm8k_test_001032,1,1,812,318,232,217,0.9353448275862069
gsm8k_test_001033,1,1,810,313,260,200,0.7692307692307693
gsm8k_test_001034,1,1,509,179,161,123,0.7639751552795031
gsm8k_test_001035,1,1,776,402,214,265,1.2383177570093458
gsm8k_test_001036,1,1,393,164,122,93,0.7622950819672131
gsm8k_test_001037,1,1,645,287,200,200,1.0
gsm8k_test_001039,1,1,639,244,196,180,0.9183673469387755
gsm8k_test_001040,1,1,787,452,286,311,1.0874125874125875
gsm8k_test_001041,1,1,371,345,129,216,1.6744186046511629
gsm8k_test_001043,1,1,614,258,194,159,0.8195876288659794
gsm8k_test_001044,1,1,612,390,195,220,1.1282051282051282
gsm8k_test_001045,1,1,428,410,190,272,1.431578947368421
gsm8k_test_001047,1,1,904,456,335,302,0.9014925373134328
gsm8k_test_001049,1,1,460,284,151,171,1.1324503311258278
gsm8k_test_001050,1,1,380,264,129,146,1.1317829457364341
gsm8k_test_001051,1,1,362,200,128,122,0.953125
gsm8k_test_001052,1,1,692,287,230,180,0.782608695652174
gsm8k_test_001053,1,1,546,232,195,146,0.7487179487179487
gsm8k_test_001054,1,1,633,329,203,230,1.1330049261083743
gsm8k_test_001055,1,1,369,261,146,155,1.0616438356164384
gsm8k_test_001057,1,1,692,203,208,114,0.5480769230769231
gsm8k_test_001058,1,1,446,293,154,187,1.2142857142857142
gsm8k_test_001060,1,1,775,325,256,196,0.765625
gsm8k_test_001061,1,1,792,266,293,161,0.5494880546075085
gsm8k_test_001062,1,1,594,341,212,215,1.0141509433962264
gsm8k_test_001063,1,1,484,209,154,129,0.8376623376623377
gsm8k_test_001064,1,1,478,252,154,153,0.9935064935064936
gsm8k_test_001065,1,1,264,190,105,123,1.1714285714285715
gsm8k_test_001066,1,1,780,409,266,253,0.9511278195488722
gsm8k_test_001068,1,1,920,553,249,331,1.3293172690763053
gsm8k_test_001070,1,1,856,341,269,244,0.9070631970260223
gsm8k_test_001071,1,1,742,414,231,261,1.12987012987013
gsm8k_test_001072,1,1,590,394,231,235,1.0173160173160174
gsm8k_test_001073,1,1,1116,605,315,373,1.1841269841269841
gsm8k_test_001076,1,1,623,222,237,134,0.5654008438818565
gsm8k_test_001077,1,1,1471,456,432,285,0.6597222222222222
gsm8k_test_001078,1,1,418,210,146,134,0.9178082191780822
gsm8k_test_001079,1,1,679,424,249,277,1.1124497991967872
gsm8k_test_001081,1,1,308,269,116,148,1.2758620689655173
gsm8k_test_001083,1,1,836,381,269,253,0.9405204460966543
gsm8k_test_001085,1,1,573,193,170,120,0.7058823529411765
gsm8k_test_001087,1,1,308,159,101,110,1.0891089108910892
gsm8k_test_001089,1,1,741,421,236,246,1.0423728813559323
gsm8k_test_001090,1,1,726,348,228,197,0.8640350877192983
gsm8k_test_001091,1,1,551,236,178,144,0.8089887640449438
gsm8k_test_001092,1,1,543,384,211,244,1.1563981042654028
gsm8k_test_001093,1,1,960,366,326,255,0.7822085889570553
gsm8k_test_001094,1,1,1081,300,376,218,0.5797872340425532
gsm8k_test_001095,1,1,625,361,177,201,1.1355932203389831
gsm8k_test_001098,1,1,606,164,183,113,0.6174863387978142
gsm8k_test_001099,1,1,622,353,185,217,1.172972972972973
gsm8k_test_001100,1,1,379,184,123,127,1.032520325203252
gsm8k_test_001101,1,1,554,310,191,184,0.9633507853403142
gsm8k_test_001102,1,1,820,410,364,282,0.7747252747252747
gsm8k_test_001103,1,1,491,289,181,187,1.0331491712707181
gsm8k_test_001104,1,1,443,268,147,132,0.8979591836734694
gsm8k_test_001106,1,1,302,175,109,114,1.0458715596330275
gsm8k_test_001107,1,1,607,253,205,163,0.7951219512195122
gsm8k_test_001108,1,1,379,127,114,73,0.6403508771929824
gsm8k_test_001109,1,1,696,242,215,160,0.7441860465116279
gsm8k_test_001110,1,1,719,306,259,202,0.7799227799227799
gsm8k_test_001111,1,1,716,317,215,234,1.0883720930232559
gsm8k_test_001112,1,1,442,377,167,194,1.1616766467065869
gsm8k_test_001113,1,1,269,127,72,76,1.0555555555555556
gsm8k_test_001115,1,1,740,161,231,94,0.4069264069264069
gsm8k_test_001116,1,1,328,138,108,79,0.7314814814814815
gsm8k_test_001117,1,1,717,243,250,145,0.58
gsm8k_test_001118,1,1,732,399,246,284,1.1544715447154472
gsm8k_test_001119,1,1,1110,317,330,178,0.5393939393939394
gsm8k_test_001120,1,1,846,175,288,102,0.3541666666666667
gsm8k_test_001121,1,1,614,203,198,123,0.6212121212121212
gsm8k_test_001122,1,1,1082,455,407,281,0.6904176904176904
gsm8k_test_001123,1,1,516,412,190,236,1.2421052631578948
gsm8k_test_001124,1,1,678,578,206,315,1.529126213592233
gsm8k_test_001125,1,1,292,315,95,190,2.0
gsm8k_test_001126,1,1,509,195,169,135,0.7988165680473372
gsm8k_test_001128,1,1,511,255,166,149,0.8975903614457831
gsm8k_test_001130,1,1,1159,468,388,308,0.7938144329896907
gsm8k_test_001131,1,1,542,352,189,214,1.1322751322751323
gsm8k_test_001132,1,1,609,407,232,240,1.0344827586206897
gsm8k_test_001133,1,1,896,398,339,243,0.7168141592920354
gsm8k_test_001134,1,1,377,197,124,118,0.9516129032258065
gsm8k_test_001135,1,1,625,235,211,157,0.7440758293838863
gsm8k_test_001136,1,1,770,220,259,156,0.6023166023166023
gsm8k_test_001137,1,1,1234,304,385,198,0.5142857142857142
gsm8k_test_001138,1,1,571,372,216,245,1.1342592592592593
gsm8k_test_001139,1,1,707,384,274,251,0.916058394160584
gsm8k_test_001140,1,1,1093,432,344,277,0.8052325581395349
gsm8k_test_001141,1,1,514,335,195,208,1.0666666666666667
gsm8k_test_001142,1,1,503,188,150,124,0.8266666666666667
gsm8k_test_001143,1,1,612,138,193,80,0.41450777202072536
gsm8k_test_001144,1,1,597,315,204,198,0.9705882352941176
gsm8k_test_001145,1,1,1103,640,350,420,1.2
gsm8k_test_001146,1,1,681,468,245,264,1.0775510204081633
gsm8k_test_001147,1,1,854,519,260,321,1.2346153846153847
gsm8k_test_001148,1,1,453,155,139,86,0.6187050359712231
gsm8k_test_001149,1,1,299,144,109,91,0.8348623853211009
gsm8k_test_001150,1,1,158,123,63,75,1.1904761904761905
gsm8k_test_001151,1,1,595,357,206,200,0.970873786407767
gsm8k_test_001152,1,1,751,343,210,201,0.9571428571428572
gsm8k_test_001153,1,1,561,371,204,220,1.0784313725490196
gsm8k_test_001154,1,1,637,226,201,142,0.7064676616915423
gsm8k_test_001155,1,1,447,189,142,133,0.9366197183098591
gsm8k_test_001156,1,1,927,278,325,174,0.5353846153846153
gsm8k_test_001157,1,1,655,331,218,187,0.8577981651376146
gsm8k_test_001159,1,1,1046,496,363,331,0.9118457300275482
gsm8k_test_001160,1,1,534,259,164,174,1.0609756097560976
gsm8k_test_001162,1,1,308,177,120,118,0.9833333333333333
gsm8k_test_001163,1,1,352,273,107,163,1.5233644859813085
gsm8k_test_001164,1,1,673,197,249,142,0.570281124497992
gsm8k_test_001166,1,1,1643,587,570,407,0.7140350877192982
gsm8k_test_001167,1,1,226,152,96,89,0.9270833333333334
gsm8k_test_001168,1,1,967,396,365,278,0.7616438356164383
gsm8k_test_001169,1,1,810,491,313,301,0.9616613418530351
gsm8k_test_001170,1,1,819,240,266,159,0.5977443609022557
gsm8k_test_001171,1,1,636,418,207,264,1.2753623188405796
gsm8k_test_001172,1,1,508,224,172,167,0.9709302325581395
gsm8k_test_001173,1,1,630,375,235,279,1.1872340425531915
gsm8k_test_001175,1,1,862,393,296,267,0.902027027027027
gsm8k_test_001176,1,1,1385,445,458,308,0.6724890829694323
gsm8k_test_001177,1,1,907,374,295,219,0.7423728813559322
gsm8k_test_001178,1,1,272,147,93,94,1.010752688172043
gsm8k_test_001179,1,1,880,195,270,137,0.5074074074074074
gsm8k_test_001180,1,1,487,254,171,160,0.935672514619883
gsm8k_test_001181,1,1,1068,445,429,300,0.6993006993006993
gsm8k_test_001182,1,1,473,342,178,207,1.1629213483146068
gsm8k_test_001183,1,1,1209,458,349,293,0.839541547277937
gsm8k_test_001184,1,1,352,256,124,159,1.282258064516129
gsm8k_test_001185,1,1,1244,540,347,342,0.9855907780979827
gsm8k_test_001186,1,1,386,170,117,110,0.9401709401709402
gsm8k_test_001187,1,1,855,384,274,244,0.8905109489051095
gsm8k_test_001189,1,1,486,231,161,159,0.9875776397515528
gsm8k_test_001191,1,1,505,152,167,102,0.6107784431137725
gsm8k_test_001192,1,1,868,285,290,182,0.6275862068965518
gsm8k_test_001194,1,1,278,245,95,145,1.5263157894736843
gsm8k_test_001195,1,1,502,255,176,158,0.8977272727272727
gsm8k_test_001196,1,1,534,357,178,237,1.3314606741573034
gsm8k_test_001197,1,1,631,514,228,328,1.4385964912280702
gsm8k_test_001200,1,1,527,210,170,133,0.7823529411764706
gsm8k_test_001201,1,1,542,416,186,251,1.3494623655913978
gsm8k_test_001202,1,1,810,484,265,302,1.139622641509434
gsm8k_test_001203,1,1,543,331,178,200,1.1235955056179776
gsm8k_test_001204,1,1,523,407,212,235,1.1084905660377358
gsm8k_test_001205,1,1,600,215,196,135,0.6887755102040817
gsm8k_test_001206,1,1,528,336,206,218,1.058252427184466
gsm8k_test_001207,1,1,464,223,152,138,0.9078947368421053
gsm8k_test_001208,1,1,553,261,189,156,0.8253968253968254
gsm8k_test_001209,1,1,655,594,200,360,1.8
gsm8k_test_001210,1,1,374,227,114,146,1.280701754385965
gsm8k_test_001211,1,1,506,312,168,186,1.1071428571428572
gsm8k_test_001212,1,1,504,242,175,143,0.8171428571428572
gsm8k_test_001213,1,1,571,444,180,262,1.4555555555555555
gsm8k_test_001214,1,1,387,278,104,174,1.6730769230769231
gsm8k_test_001215,1,1,1061,612,358,382,1.0670391061452513
gsm8k_test_001218,1,1,932,348,274,205,0.7481751824817519
gsm8k_test_001220,1,1,706,336,234,219,0.9358974358974359
gsm8k_test_001221,1,1,667,223,199,142,0.7135678391959799
gsm8k_test_001222,1,1,405,235,122,135,1.1065573770491803
gsm8k_test_001223,1,1,487,337,187,211,1.1283422459893049
gsm8k_test_001224,1,1,410,204,124,134,1.0806451612903225
gsm8k_test_001225,1,1,803,298,262,192,0.732824427480916
gsm8k_test_001226,1,1,555,442,226,267,1.1814159292035398
gsm8k_test_001228,1,1,657,397,247,209,0.8461538461538461
gsm8k_test_001229,1,1,600,356,204,218,1.0686274509803921
gsm8k_test_001230,1,1,730,236,217,148,0.6820276497695853
gsm8k_test_001231,1,1,547,290,263,194,0.7376425855513308
gsm8k_test_001232,1,1,326,303,113,190,1.6814159292035398
gsm8k_test_001233,1,1,737,424,264,250,0.946969696969697
gsm8k_test_001234,1,1,379,210,126,119,0.9444444444444444
gsm8k_test_001235,1,1,630,269,198,170,0.8585858585858586
gsm8k_test_001236,1,1,612,356,193,223,1.1554404145077721
gsm8k_test_001237,1,1,510,233,147,133,0.9047619047619048
gsm8k_test_001238,1,1,575,432,211,292,1.3838862559241707
gsm8k_test_001240,1,1,860,433,293,267,0.9112627986348123
gsm8k_test_001241,1,1,812,448,292,257,0.8801369863013698
gsm8k_test_001242,1,1,633,445,228,252,1.105263157894737
gsm8k_test_001243,1,1,297,458,114,271,2.3771929824561404
gsm8k_test_001244,1,1,766,382,251,257,1.0239043824701195
gsm8k_test_001245,1,1,694,292,274,198,0.7226277372262774
gsm8k_test_001246,1,1,546,154,167,90,0.5389221556886228
gsm8k_test_001248,1,1,650,336,175,213,1.217142857142857
gsm8k_test_001249,1,1,782,545,240,355,1.4791666666666667
gsm8k_test_001250,1,1,263,156,86,92,1.069767441860465
gsm8k_test_001251,1,1,655,375,230,228,0.991304347826087
gsm8k_test_001252,1,1,830,205,276,127,0.4601449275362319
gsm8k_test_001253,1,1,498,297,170,169,0.9941176470588236
gsm8k_test_001254,1,1,630,158,189,96,0.5079365079365079
gsm8k_test_001255,1,1,736,289,250,176,0.704
gsm8k_test_001256,1,1,836,361,289,227,0.7854671280276817
gsm8k_test_001257,1,1,548,270,166,166,1.0
gsm8k_test_001258,1,1,813,384,273,236,0.8644688644688645
gsm8k_test_001259,1,1,510,267,170,169,0.9941176470588236
gsm8k_test_001260,1,1,472,132,144,78,0.5416666666666666
gsm8k_test_001261,1,1,509,327,201,232,1.154228855721393
gsm8k_test_001262,1,1,625,230,215,140,0.6511627906976745
gsm8k_test_001263,1,1,560,264,201,172,0.8557213930348259
gsm8k_test_001266,1,1,615,347,202,222,1.099009900990099
gsm8k_test_001267,1,1,698,356,226,218,0.9646017699115044
gsm8k_test_001268,1,1,750,253,228,176,0.7719298245614035
gsm8k_test_001269,1,1,786,321,249,201,0.8072289156626506
gsm8k_test_001270,1,1,739,500,291,326,1.120274914089347
gsm8k_test_001272,1,1,750,385,241,215,0.8921161825726142
gsm8k_test_001273,1,1,697,438,206,257,1.2475728155339805
gsm8k_test_001274,1,1,643,242,212,150,0.7075471698113207
gsm8k_test_001275,1,1,468,249,160,155,0.96875
gsm8k_test_001276,1,1,574,238,169,166,0.9822485207100592
gsm8k_test_001277,1,1,446,362,162,196,1.2098765432098766
gsm8k_test_001278,1,1,282,247,106,144,1.3584905660377358
gsm8k_test_001280,1,1,326,258,112,124,1.1071428571428572
gsm8k_test_001282,1,1,699,372,212,229,1.080188679245283
gsm8k_test_001283,1,1,858,361,248,219,0.8830645161290323
gsm8k_test_001286,1,1,507,240,168,144,0.8571428571428571
gsm8k_test_001287,1,1,661,524,214,299,1.397196261682243
gsm8k_test_001289,1,1,528,218,189,160,0.8465608465608465
gsm8k_test_001291,1,1,460,246,154,125,0.8116883116883117
gsm8k_test_001292,1,1,938,337,285,196,0.6877192982456141
gsm8k_test_001293,1,1,744,288,240,165,0.6875
gsm8k_test_001294,1,1,755,290,261,189,0.7241379310344828
gsm8k_test_001295,1,1,756,295,223,181,0.8116591928251121
gsm8k_test_001296,1,1,400,283,154,172,1.1168831168831168
gsm8k_test_001297,1,1,807,309,270,215,0.7962962962962963
gsm8k_test_001298,1,1,788,322,309,209,0.6763754045307443
gsm8k_test_001299,1,1,630,266,222,182,0.8198198198198198
gsm8k_test_001301,1,1,927,463,383,301,0.7859007832898173
gsm8k_test_001302,1,1,437,227,133,133,1.0
gsm8k_test_001303,1,1,862,446,291,284,0.9759450171821306
gsm8k_test_001304,1,1,626,286,170,157,0.9235294117647059
gsm8k_test_001305,1,1,324,289,100,199,1.99
gsm8k_test_001306,1,1,1297,562,417,365,0.8752997601918465
gsm8k_test_001307,1,1,595,318,192,187,0.9739583333333334
gsm8k_test_001308,1,1,382,158,122,97,0.7950819672131147
gsm8k_test_001310,1,1,1161,621,356,327,0.9185393258426966
gsm8k_test_001311,1,1,551,224,179,138,0.770949720670391
gsm8k_test_001312,1,1,416,301,146,193,1.321917808219178
gsm8k_test_001314,1,1,911,485,285,280,0.9824561403508771
gsm8k_test_001315,1,1,618,389,194,232,1.1958762886597938
gsm8k_test_001316,1,1,473,203,198,128,0.6464646464646465
gsm8k_test_001317,1,1,770,347,310,235,0.7580645161290323
gsm8k_test_001318,1,1,494,258,155,155,1.0
